,name,club,age,position,apps,mins,goals,assists,yel,red,shots,ps%,aerials_won,motm,rating,tackles,interceptions,fouls,offsides_won,clearances,dribbled,blocks,own_goals,key_passes,dribblings,fouled,offsides,dispossed,bad_controls,avg_passes,crosses,long_passes,through_passes,league,season
0,Mousa Dembélé,Fulham,26,M(CR),2,180,-,-,-,-,1,96,0.5,1,8.42,4.5,1,1,-,1.5,0.5,-,-,1.5,6,1,-,2,1.5,63,0.5,2,-,Premier League,2012/2013
1,Kieran Richardson,Sunderland,29,M(CL),1,90,-,-,-,-,-,83.8,-,-,7.96,3,2,2,-,6,-,1,-,1,-,-,-,-,1,37,-,1,1,Premier League,2012/2013
2,Ján Mucha,Everton,31,GK,2,180,-,-,-,-,-,46.6,-,1,7.95,-,-,-,-,3,-,-,-,-,-,-,-,-,-,29,-,9,-,Premier League,2012/2013
3,Gareth Bale,Tottenham,24,FW,33,2925,21,4,6,-,5,78.6,1.7,11,7.92,1,1.3,0.7,0.1,1.8,0.5,0.1,1,2.3,1.8,1.4,0.3,1.6,1.7,34.2,1.9,1.1,0.1,Premier League,2012/2013
4,Luis Suárez,Liverpool,26,FW,33,2955,23,5,10,-,5.7,76.6,0.4,9,7.89,1.3,0.5,1.5,-,0.1,0.5,0.1,-,2.8,2.9,1.8,1.2,2.8,2.4,36.5,0.5,2.2,0.4,Premier League,2012/2013
5,Santi Cazorla,Arsenal,29,M(CLR),37(1),3311,12,11,1,-,3,86.8,0.2,9,7.86,1.9,1.8,0.4,-,0.3,1.7,-,-,2.6,2.3,1.3,-,1.7,1.1,65,1.2,4.9,0.8,Premier League,2012/2013
6,Robin van Persie,Man Utd,30,FW,35(3),3123,26,9,6,-,3.7,80.4,1.3,10,7.71,0.6,0.4,1,-,1.2,0.2,0.2,-,1.9,0.7,1.4,1.2,2,1.3,26.8,1.1,1.1,0.1,Premier League,2012/2013
7,Daniel Sturridge,Liverpool,24,FW,11(3),1093,10,3,2,-,4.4,85,0.1,2,7.64,0.4,0.6,0.4,-,-,0.1,0.1,-,2.1,1.7,1.1,0.9,2.1,1.6,26.1,0.1,2.1,0.1,Premier League,2012/2013
8,Jan Vertonghen,Tottenham,26,D(CL),34,3060,4,3,7,-,1.1,87.1,1.6,5,7.62,3.1,2.9,0.7,0.8,8.7,0.6,0.2,-,0.7,0.8,0.7,0.1,0.6,0.6,47.8,0.3,3.6,0.1,Premier League,2012/2013
9,Marouane Fellaini,Everton,26,M(C),31,2786,11,5,8,-,2.9,79.3,4.8,8,7.59,2.6,1.2,2.6,-,2.1,0.4,0.1,-,1.3,0.6,1.5,0.4,2.4,2.5,52.5,0.1,1.8,0.1,Premier League,2012/2013
10,Andy Carroll,West Ham,24,FW,22(2),1939,7,4,5,-,3.3,60.9,9.3,2,7.58,0.7,0.5,1.6,-,2.5,0.2,0.3,-,1.4,0.3,2.2,0.4,2.1,1.9,28.8,-,0.8,-,Premier League,2012/2013
11,Matt Upson,Stoke,34,D(C),1,90,1,-,-,-,2,62.1,2,-,7.56,1,2,-,-,12,-,1,-,-,-,-,-,-,-,29,-,3,-,Premier League,2012/2013
12,Steven Gerrard,Liverpool,33,M(C),36,3223,9,9,5,-,2.6,85.5,1.1,3,7.54,2.4,1.4,1,-,1.7,0.8,0.2,1,2.6,0.5,0.5,0.1,0.8,0.5,66.3,1.4,8.4,0.3,Premier League,2012/2013
13,Chico Flores,Swansea,26,D(C),26,2241,-,-,5,1,0.8,89.4,2.5,3,7.47,3.3,3.5,1.4,0.6,8.7,0.9,0.7,-,0.3,0.3,1.1,-,0.5,0.3,56.8,-,3.1,-,Premier League,2012/2013
14,Christian Benteke,Aston Villa,23,FW,32(2),2824,19,4,7,1,3.1,65,7.9,8,7.45,0.5,0.3,1.9,-,0.9,0.2,0.2,-,1.5,0.7,1.5,1.5,2.4,2.2,33.5,0.1,1,0.1,Premier League,2012/2013
15,Leighton Baines,Everton,29,M(L),38,3420,5,5,4,-,0.9,82.3,0.3,5,7.43,2.4,1.5,0.8,0.1,2,0.6,0.2,1,3.1,0.8,1.5,-,0.9,0.5,43.8,2.8,1.3,-,Premier League,2012/2013
16,Sandro,Tottenham,24,M(C),22,1780,1,2,4,-,1.1,85.7,0.9,-,7.40,3.3,3.6,1.5,0.1,3.5,0.5,0.4,-,1,0.7,1.3,-,1.1,0.6,42.3,0.2,2.5,0.1,Premier League,2012/2013
17,Nemanja Vidic,Man Utd,32,D(C),18(1),1619,1,-,2,-,0.6,87.4,4.2,2,7.39,1.4,1.8,1.1,0.5,10.5,0.1,0.8,1,0.1,0.1,0.6,-,0.1,0.1,41.5,0.1,4.3,-,Premier League,2012/2013
18,Andros Townsend,QPR,22,FW,12,1019,2,1,2,-,2.9,78.1,-,3,7.37,3,1.3,0.6,-,0.5,0.9,0.1,-,1.3,4,1.7,-,2.7,2.1,26.6,0.7,0.4,0.1,Premier League,2012/2013
19,Mikel Arteta,Arsenal,31,M(C),34,2985,6,3,6,-,0.6,91.5,1,7,7.37,3.2,2.9,2.2,-,1.4,1.1,0.2,-,0.8,0.6,1.4,-,0.7,0.5,80.9,0.3,5.3,0.2,Premier League,2012/2013
20,Rafael,Man Utd,23,M(R),27(1),2317,3,3,6,1,0.8,84.5,1.3,4,7.36,3.1,2.1,1.3,0.1,4.5,0.8,0.4,-,0.9,0.6,1,0.1,1.1,1,43.2,0.7,1.1,-,Premier League,2012/2013
21,Alexander Büttner,Man Utd,24,M(L),4(1),382,2,1,1,-,1.2,82.4,1.2,1,7.34,2.2,1.4,1.6,0.2,3.2,0.8,0.2,-,0.4,1.4,1.2,-,1.6,2,34,0.2,1,-,Premier League,2012/2013
22,Micah Richards,Man City,25,D(CR),7,618,-,-,2,-,1.4,89.5,3.4,-,7.34,1.6,2,1.1,0.4,5.7,0.3,0.7,-,0.4,0.7,0.6,0.3,0.4,0.9,33.9,0.3,1.3,-,Premier League,2012/2013
23,Eden Hazard,Chelsea,22,FW,31(3),2640,9,11,2,-,1.9,85.1,0.2,5,7.33,0.8,1.1,0.7,-,0.2,0.7,-,-,1.9,1.8,2.3,0.1,1.8,1.8,44.8,0.5,1.2,0.1,Premier League,2012/2013
24,Michael Harriman,QPR,21,M(R),1,90,-,-,-,-,-,73.1,-,-,7.32,4,1,-,1,4,-,1,-,-,-,1,-,-,2,26,-,1,-,Premier League,2012/2013
25,Patrice Evra,Man Utd,32,M(L),34,3060,4,5,3,-,0.6,87.1,2,2,7.31,2.4,1.5,1,0.1,4.9,0.6,0.4,-,0.7,0.8,0.9,0.1,1.2,0.9,41.8,0.6,1.1,-,Premier League,2012/2013
26,Ryan Nelsen,QPR,36,D(C),21,1884,1,-,-,-,0.4,81.3,2.8,2,7.30,2.1,3.1,0.6,0.7,11,0.8,1.2,-,0.1,0.1,0.3,0.2,-,0.1,29.9,-,2.4,-,Premier League,2012/2013
27,Philippe Coutinho,Liverpool,21,M(CLR),12(1),933,3,5,-,-,2.8,74.4,0.2,1,7.30,1.5,0.9,0.6,0.1,0.8,1.1,-,-,1.6,1.3,0.8,0.5,1.9,1.3,33.4,0.2,0.8,0.8,Premier League,2012/2013
28,David Silva,Man City,27,FW,29(3),2526,4,8,2,-,1.7,85.4,0.3,3,7.30,1,0.9,0.8,-,0.5,0.3,-,-,3.3,0.9,0.9,0.1,1.9,1.1,57,1.4,1.2,0.5,Premier League,2012/2013
29,Mike Williamson,Newcastle,30,D(C),19,1710,-,-,8,-,0.5,77.8,6.5,1,7.29,1.5,0.7,1.2,1.2,14,0.3,0.7,-,0.2,0.2,0.7,-,-,0.2,29.9,-,2.5,-,Premier League,2012/2013
30,Morgan Schneiderlin,Southampton,24,DMC,36,3210,5,-,9,-,0.8,85.1,1.6,4,7.28,4.1,3.9,1.8,-,2.2,1,0.4,-,0.8,0.4,0.9,-,0.9,1,52.1,0.4,2.9,0.1,Premier League,2012/2013
31,Juan Mata,Chelsea,25,AM(CLR),31(4),2749,12,12,3,-,2,85.2,0.1,5,7.28,0.7,0.6,0.4,-,0.1,0.8,-,-,2.8,0.6,1,0.5,1.9,1.3,52.5,1.3,2.8,0.2,Premier League,2012/2013
32,Bryan Ruiz,Fulham,28,FW,26(3),2386,5,7,2,-,1.8,84.8,1.5,3,7.28,1.7,1.8,0.5,-,1,1.1,0.2,-,1.7,1.1,1.7,0.1,2.7,1.5,45.8,0.8,2.6,0.2,Premier League,2012/2013
33,Wayne Rooney,Man Utd,28,FW,22(5),2019,12,10,7,-,3.2,82.9,0.6,3,7.27,0.7,0.5,1,-,0.9,0.4,0.1,1,1.8,0.4,0.7,0.1,1.9,0.9,45.9,0.6,3.7,0.3,Premier League,2012/2013
34,Gaël Clichy,Man City,28,D(L),26(2),2334,-,2,3,-,0.3,83.7,1.2,1,7.27,3.2,2.4,0.6,0.3,3.6,0.6,0.2,-,0.7,0.6,0.5,0.2,0.8,0.4,46.7,0.6,2.6,-,Premier League,2012/2013
35,Glen Johnson,Liverpool,29,M(R),36,3224,1,4,7,-,1.5,82.2,1.8,-,7.26,2.5,1.6,0.8,0.2,3.3,0.8,0.3,-,1.3,1.7,0.7,0.1,1.5,1.4,48.3,0.3,2.2,0.1,Premier League,2012/2013
36,Robert Snodgrass,Norwich,26,M(CLR),35(2),3067,6,6,8,-,2.1,78.9,0.8,5,7.26,2.7,1.1,1.3,-,0.7,1.2,0.1,-,1.8,1.2,2.4,0.3,2,1.5,29.9,2.2,0.8,0.1,Premier League,2012/2013
37,Dimitar Berbatov,Fulham,32,FW,32(1),2849,15,3,1,-,2.5,77.8,2.3,4,7.25,1,1,1.5,-,1.3,0.3,0.1,-,1.4,1,1.4,1.1,2.2,1.9,44.4,0.3,1.3,-,Premier League,2012/2013
38,Jonny Evans,Man Utd,25,D(CL),21(2),1903,3,1,2,-,0.4,89.3,2.3,1,7.24,1.7,2,0.6,0.3,8.2,0.3,0.9,2,0.3,0.1,1,-,0.2,0.4,48.9,-,3.7,-,Premier League,2012/2013
39,Carlos Tevez,Man City,29,FW,28(6),2410,11,8,3,-,3.1,83.9,0.4,6,7.24,0.8,0.4,0.9,-,0.1,0.4,0.1,-,1.8,1.4,1,0.5,1.9,1.5,35.3,0.6,0.9,0.1,Premier League,2012/2013
40,Leon Osman,Everton,32,M(CLR),36,3186,5,2,9,-,2.1,85.9,1.6,-,7.24,2.4,2.3,1.2,-,2.3,1.6,0.4,-,0.8,0.8,1.9,-,1.6,0.8,49.7,0.1,2.9,-,Premier League,2012/2013
41,Theo Walcott,Arsenal,24,FW,24(8),2286,14,10,3,-,2.7,83.1,0.2,1,7.24,0.5,0.3,0.3,0.1,0.2,0.3,-,-,1.3,1.5,1.1,0.8,1.3,0.9,16.6,0.9,0.3,0.1,Premier League,2012/2013
42,Mousa Dembélé,Tottenham,26,M(CR),26(4),2211,1,3,4,-,0.8,90.8,0.9,-,7.23,2.7,1.4,1.7,0.1,0.6,0.5,-,-,1.9,1.8,1.2,-,1.3,0.9,48.8,-,3.3,0.1,Premier League,2012/2013
43,Adel Taarabt,QPR,24,FW,25(6),2245,5,4,5,-,3.2,81.4,0.2,2,7.22,0.8,0.9,0.5,-,0.1,0.6,-,-,2.5,2.7,1.9,-,1.7,2.2,37.2,1.2,2.8,0.3,Premier League,2012/2013
44,Lucas Leiva,Liverpool,26,M(C),24(2),1953,-,1,6,-,0.1,87.6,1.8,-,7.21,4.7,2.5,2,0.1,1.2,1.6,0.3,-,0.7,0.2,0.5,-,0.6,0.4,58.8,-,2.2,-,Premier League,2012/2013
45,David Luiz,Chelsea,26,DMC,29(1),2634,2,2,8,-,1.9,81.1,2,2,7.21,1.5,2.4,1.4,0.6,4.5,0.5,0.4,1,0.7,0.3,1.4,-,0.5,0.9,50.5,0.2,5.2,0.1,Premier League,2012/2013
46,Phil Jagielka,Everton,31,D(CR),36,3155,2,1,1,-,0.7,78.2,2.4,1,7.20,1.8,2.3,0.3,0.9,7,0.3,0.9,-,0.4,0.1,0.9,-,0.2,0.3,40.8,0.2,6.3,-,Premier League,2012/2013
47,Yohan Cabaye,Newcastle,27,M(C),25(1),2124,6,2,8,-,2.3,79.6,0.2,3,7.20,3.1,2.1,1.6,0.1,1.4,1.3,0.1,-,2,0.3,0.5,-,1.1,0.7,45.1,1.7,5.4,0.2,Premier League,2012/2013
48,Sylvain Distin,Everton,36,D(C),31(3),2837,-,1,2,-,0.5,77.5,3.7,2,7.19,1.5,1.6,0.4,0.8,9.2,0.2,0.6,-,0.4,0.1,0.7,0.1,0.2,0.1,32.8,-,2.8,-,Premier League,2012/2013
49,Pablo Zabaleta,Man City,28,M(R),29(1),2652,2,2,7,-,0.7,85.1,1.5,2,7.18,3.8,1.9,1.5,0.2,3.7,1.2,0.2,-,0.6,0.1,1.1,0.1,0.7,0.5,43.7,0.4,1.5,-,Premier League,2012/2013
50,Yaya Touré,Man City,30,M(C),32,2830,6,5,6,-,2.1,88.9,0.8,1,7.18,1.2,0.9,1.3,-,0.6,0.6,-,-,1.4,1.1,1,-,1.2,0.7,78.9,0.2,5.5,0.4,Premier League,2012/2013
51,Angel Rangel,Swansea,31,D(R),30(3),2750,3,1,7,-,0.8,83.8,1.2,2,7.18,2.5,2.5,1,-,4.4,0.8,0.3,-,0.7,0.4,0.4,0.1,0.4,0.6,55.8,0.6,2.9,0.1,Premier League,2012/2013
52,Michu,Swansea,27,FW,35,3017,18,2,6,-,3.1,78.8,3.3,5,7.17,1.3,0.9,1.4,-,1.1,0.4,0.1,-,1,0.2,1.1,0.6,0.9,1.1,32,-,0.8,0.1,Premier League,2012/2013
53,Brede Hangeland,Fulham,32,D(C),35,3046,-,-,2,1,0.3,84.4,3.6,3,7.17,1.4,2.5,0.8,0.5,9.6,0.7,1.2,-,0.1,0.5,0.3,-,0.2,0.2,43.7,-,4.6,-,Premier League,2012/2013
54,Abou Diaby,Arsenal,27,M(C),10(1),714,-,-,1,-,0.7,87.4,1.7,1,7.16,1.7,2.2,0.7,-,1.6,0.5,0.1,-,1.3,2.5,0.3,0.1,2,1.1,51.3,0.1,1.4,-,Premier League,2012/2013
55,Carlos Cuellar,Sunderland,32,D(C),26,2259,1,2,5,-,0.5,77.6,2.9,5,7.16,2.9,1.8,0.5,0.7,9.2,0.5,1,1,0.1,0.2,0.4,-,-,0.3,26.6,-,1.9,-,Premier League,2012/2013
56,Steven Pienaar,Everton,31,M(CL),35,3066,6,6,5,2,1.8,81.8,0.5,2,7.16,1.9,2,1.3,-,0.4,0.6,0.1,-,2.3,0.7,2.5,0.1,2.4,1.8,46.4,0.5,1.5,0.1,Premier League,2012/2013
57,Kyle Walker,Tottenham,23,M(R),36,3161,-,4,5,-,0.9,83.4,1.4,-,7.16,2.3,2.4,0.8,0.4,5.1,0.4,0.3,-,1.5,0.7,0.6,0.1,0.8,0.5,44.4,0.8,3,0.2,Premier League,2012/2013
58,Karim Rekik,Man City,19,D(CL),1,84,-,-,-,-,-,88.3,5,-,7.15,1,-,2,1,3,-,-,-,-,-,4,-,-,-,60,-,-,-,Premier League,2012/2013
59,Alex McCarthy,Reading,24,GK,13,1170,-,-,-,-,-,43.9,0.2,1,7.15,0.1,0.1,-,-,1.2,0.1,-,-,-,-,-,-,-,0.1,28.9,-,10.1,-,Premier League,2012/2013
60,Matthew Lowton,Aston Villa,24,M(R),37,3267,2,3,10,-,0.4,79.1,1,1,7.14,2.8,3,0.9,0.4,5.4,1.1,0.4,-,0.6,0.8,0.5,-,0.6,0.4,36.9,0.4,2.4,0.1,Premier League,2012/2013
61,Benoit Assou-Ekotto,Tottenham,29,D(L),12(3),1142,1,-,2,-,0.6,73.3,1.1,1,7.13,1.3,3,1.1,0.5,4.1,0.7,0.3,-,0.9,0.7,0.9,-,0.7,0.5,42.7,1,5.2,0.1,Premier League,2012/2013
62,Nacho Monreal,Arsenal,27,M(L),9(1),792,1,1,2,-,0.6,86.8,1.1,1,7.13,1.7,2.5,0.6,0.3,2.4,0.8,-,-,0.7,0.3,0.7,-,0.3,0.2,43.2,0.3,1,-,Premier League,2012/2013
63,Séamus Coleman,Everton,25,M(R),24(2),2163,-,5,4,-,0.4,80.5,0.6,-,7.12,2.4,1.9,0.7,0.1,2.3,0.2,0.3,-,1,1,1.7,0.1,1.1,1,29.2,0.9,1.2,-,Premier League,2012/2013
64,Demba Ba,Newcastle,28,FW,19(1),1672,13,-,-,-,4.5,78.4,2.9,2,7.12,0.2,0.4,1.1,-,0.8,0.2,0.1,1,0.6,0.4,2.3,0.5,2.5,2.2,24.5,0.2,1.1,0.1,Premier League,2012/2013
65,Steve Sidwell,Fulham,31,M(C),24(4),2104,4,2,7,2,1.4,85.5,1.1,2,7.11,3.8,2.7,2,-,2.3,1.1,0.8,-,0.7,0.4,0.9,-,1,0.6,38.9,0.1,2.9,-,Premier League,2012/2013
66,Branislav Ivanovic,Chelsea,29,D(CR),33(1),2944,5,1,4,1,0.7,83.8,2.2,2,7.11,1.8,1.4,0.7,1,5.8,0.3,0.4,-,0.4,0.2,0.7,-,0.3,0.3,39,0.3,3.1,-,Premier League,2012/2013
67,Kieran Gibbs,Arsenal,24,M(L),23(4),2100,-,3,2,-,0.3,83.9,1.5,1,7.11,2.8,2.4,0.7,0.6,2.9,0.8,0.3,-,1.1,0.4,0.4,0.2,0.5,0.6,41,0.6,1.1,-,Premier League,2012/2013
68,Peter Crouch,Stoke,32,FW,28(6),2340,7,4,2,-,1.3,58.5,8.3,5,7.11,0.4,0.3,1.4,-,1.3,0.4,0.2,-,1,0.1,1.2,0.5,1.3,1.6,28.5,-,0.1,-,Premier League,2012/2013
69,Ashley Williams,Swansea,29,D(C),37,3330,-,-,7,-,0.6,86.3,2.2,4,7.10,1.1,3,1.1,0.6,10.4,0.2,1.4,-,0.1,0.1,0.4,0.1,0.1,0.2,51.8,-,5.7,-,Premier League,2012/2013
70,Ramires,Chelsea,26,M(CR),28(7),2521,5,1,8,1,1,85.2,1.1,1,7.09,3.2,1.6,1.5,-,1.3,1,0.3,-,0.6,0.8,1.3,-,1.1,0.8,36.9,0.1,1.8,-,Premier League,2012/2013
71,Vincent Kompany,Man City,27,D(C),26,2239,1,-,3,1,0.6,89.2,1.5,-,7.09,2.1,1.7,1.3,0.7,6.8,0.2,0.5,1,0.2,0.3,0.2,-,0.1,0.1,49.9,-,5,-,Premier League,2012/2013
72,Michael Carrick,Man Utd,32,M(C),34(2),3045,1,4,3,-,0.5,88,0.5,1,7.09,2.3,2.1,0.8,-,1.5,1.1,0.5,-,1,0.2,0.9,-,0.8,0.4,77.1,0.2,5.8,0.1,Premier League,2012/2013
73,Michael Dawson,Tottenham,30,D(C),23(4),2012,1,-,4,-,0.3,83.8,3,2,7.09,1.4,1.7,0.6,0.5,10,0.5,0.5,-,-,-,0.5,-,0.1,0.2,39.6,-,4.9,-,Premier League,2012/2013
74,Olivier Giroud,Arsenal,27,FW,24(10),2325,11,3,3,1,3.1,64,3.9,3,7.08,0.6,0.4,1,0.1,1.3,0.3,0.1,-,1,0.3,0.7,0.6,1.4,2.1,20.5,-,0.3,0.2,Premier League,2012/2013
75,Frank Lampard,Chelsea,35,M(C),21(8),1901,15,1,2,-,2.8,81.9,0.3,2,7.08,1.2,0.9,0.5,-,0.9,0.7,0.2,-,1.1,0.3,0.4,0.1,0.5,0.6,42.9,0.3,3.2,0.1,Premier League,2012/2013
76,Nathan Baker,Aston Villa,22,D(CL),25(1),2013,-,-,4,-,0.3,77.6,3.4,1,7.08,1.8,2.2,1,0.8,9.2,0.3,1.4,2,0.3,0.2,0.6,-,0.2,0.3,26.6,-,1.7,-,Premier League,2012/2013
77,Scott Sinclair,Swansea,24,FW,0(1),13,1,-,-,-,1,75,-,-,7.08,-,-,-,-,-,-,-,-,-,-,-,1,1,1,4,1,-,-,Premier League,2012/2013
78,Mark Noble,West Ham,26,M(C),25(3),2286,4,3,7,-,0.5,82.6,0.2,4,7.08,3.6,1.8,1.3,-,1.1,1.3,0.2,-,1.5,0.4,0.9,-,1.1,0.7,51.7,1.3,3.8,0.1,Premier League,2012/2013
79,Gary Cahill,Chelsea,28,D(C),24(2),2216,2,2,1,-,0.6,88.4,3,-,7.07,1.1,1,0.5,0.9,6.5,0.3,1.2,-,0.3,0.2,0.6,-,0.2,0.2,42.4,-,3.2,-,Premier League,2012/2013
80,Rickie Lambert,Southampton,31,FW,35(3),3133,15,4,2,-,2.5,67.1,2.2,2,7.06,0.4,0.2,0.9,-,0.9,0.1,0.1,-,2.1,0.2,0.7,1,1.3,1.9,32.4,0.6,0.6,0.3,Premier League,2012/2013
81,Kyle Naughton,Tottenham,25,M(R),13(1),1061,-,1,-,-,0.4,83.2,1.6,-,7.06,2.4,1.7,0.6,0.2,4.1,0.7,0.1,-,0.8,0.3,0.2,-,0.4,0.4,47.6,0.4,2.9,0.1,Premier League,2012/2013
82,John Terry,Chelsea,33,D(C),11(3),950,4,-,1,-,0.5,88.9,2.4,1,7.06,0.9,1.3,0.4,0.6,5,0.1,0.7,-,-,-,0.3,-,0.1,0.2,39.9,-,1.6,-,Premier League,2012/2013
83,Daniel Agger,Liverpool,29,D(C),35,3100,3,-,3,1,1.1,88.7,3.3,1,7.06,1,1.8,0.7,0.4,5.6,0.3,0.5,-,0.3,0.3,1,-,0.1,0.3,49.8,0.1,2.5,-,Premier League,2012/2013
84,Ron Vlaar,Aston Villa,28,D(C),27,2391,2,-,1,-,0.6,81.6,2,1,7.05,2,2.4,0.3,0.6,7.8,0.1,0.8,1,0.1,0.7,0.3,-,0.3,0.4,28.6,-,2.1,-,Premier League,2012/2013
85,Jack Wilshere,Arsenal,21,M(CLR),20(5),1696,-,3,3,1,0.5,86.2,0.4,-,7.05,1.3,1,0.9,-,0.1,0.8,0.2,-,1.9,2.2,2.1,0.2,1.2,1,47.7,0.5,2.6,0.4,Premier League,2012/2013
86,Mohamed Diamé,West Ham,26,M(CLR),31(2),2612,3,-,3,-,1.6,84.2,0.7,-,7.05,3.5,1.2,1.6,0.1,0.7,0.5,0.2,-,0.7,2,1.2,-,2.5,1.8,23.2,0.2,1.2,0.1,Premier League,2012/2013
87,Hatem Ben Arfa,Newcastle,26,FW,16(3),1462,4,2,1,-,2.3,81.4,0.3,3,7.04,0.9,0.1,0.8,-,0.4,0.6,-,-,1.4,4.2,1.4,0.1,3.1,1.6,28.1,0.6,2.6,0.2,Premier League,2012/2013
88,Winston Reid,West Ham,25,D(C),36,3145,1,-,8,-,0.4,74.7,2.4,3,7.04,1.9,2,1.1,0.7,8.9,0.6,0.7,-,0.2,-,1.1,-,0.1,0.3,23.9,-,2.4,-,Premier League,2012/2013
89,Sean Morrison,Reading,22,D(C),15(1),1327,2,-,-,-,0.9,65.6,4.2,1,7.03,1.1,1.1,0.6,1.1,7.1,0.2,1.2,-,0.4,0.1,0.6,-,0.1,0.3,26.6,-,2.3,-,Premier League,2012/2013
90,Tomas Rosicky,Arsenal,33,M(CR),7(3),614,2,1,2,-,1,86.7,0.5,2,7.03,1.2,1.2,1.3,-,0.1,0.7,0.2,-,0.9,0.7,1,-,0.3,0.8,47.2,-,1.9,0.5,Premier League,2012/2013
91,Antolín Alcáraz,Wigan,31,D(C),8(2),691,-,-,2,-,0.3,83.7,1.5,1,7.03,2.4,2.8,1,0.7,4.3,1.1,0.3,-,0.3,0.4,0.3,0.1,0.5,0.5,34.9,0.1,4.7,-,Premier League,2012/2013
92,Sergio Agüero,Man City,25,FW,22(8),1946,12,2,2,-,2.9,82.4,0.2,-,7.03,0.9,0.3,0.9,-,-,0.2,-,-,1.3,1.9,0.8,0.5,2.8,1.5,23.3,0.1,0.4,0.1,Premier League,2012/2013
93,Bacary Sagna,Arsenal,30,D(CR),25,2240,-,-,2,-,0.1,86.8,3,-,7.03,2.2,1.3,0.8,0.4,3.6,0.1,0.3,-,0.8,0.4,1,-,0.7,0.6,59.9,0.7,1.6,-,Premier League,2012/2013
94,Moussa Sissoko,Newcastle,24,M(CR),12,1070,3,2,2,-,2,78.6,2.3,1,7.03,1.1,0.5,1.2,-,0.6,0.3,0.1,-,1.6,2.4,1,0.2,3,2.9,38.9,0.6,1.6,0.4,Premier League,2012/2013
95,Kevin Mirallas,Everton,26,FW,23(4),1836,6,3,3,-,2.6,80.9,0.1,1,7.03,1.3,0.6,1.1,-,0.2,0.9,-,-,1.6,1.4,0.9,0.6,1.7,1.2,21.7,1.2,0.9,-,Premier League,2012/2013
96,Gerhard Tremmel,Swansea,35,GK,12(2),1108,-,-,-,-,-,51.7,0.5,1,7.03,-,-,-,0.1,1.1,-,-,-,-,-,-,-,-,-,23.4,-,6.7,-,Premier League,2012/2013
97,Aaron Lennon,Tottenham,26,M(LR),33(1),2840,4,7,1,-,0.9,84.5,0.2,1,7.03,1.2,0.8,0.4,-,0.4,0.4,0.1,-,2,1.3,1.2,0.2,1.1,0.9,25.9,0.4,0.5,0.1,Premier League,2012/2013
98,Oscar,Chelsea,22,M(CLR),24(10),2293,4,5,2,-,1.8,83,0.3,1,7.03,2.5,0.9,1,-,0.9,1.1,0.1,-,1.4,1.1,1.1,0.1,1.6,1.8,39.8,0.6,1.2,-,Premier League,2012/2013
99,James Milner,Man City,27,M(CLR),19(7),1721,4,3,1,1,1.2,77.4,1.3,3,7.02,1.4,0.8,1.3,-,0.8,0.5,-,-,1.7,0.6,0.9,0.1,1.2,0.9,35.3,1.2,1.3,0.1,Premier League,2012/2013
100,Fernando Torres,Chelsea,29,FW,28(8),2571,8,6,4,1,1.9,69.5,2.1,5,7.02,0.9,0.3,1.4,-,0.9,0.2,-,-,1,1.1,1.1,0.8,1.9,1.9,18.2,0.2,0.4,0.1,Premier League,2012/2013
101,James Collins,West Ham,30,D(C),29,2496,-,1,9,-,0.7,65.3,2.9,1,7.02,1.8,1.7,0.8,1.2,10.9,0.8,1.4,-,0.2,0.1,0.4,-,0.1,0.2,24.3,-,3.5,-,Premier League,2012/2013
102,Matija Nastasic,Man City,20,D(C),21,1823,-,-,1,-,0.4,86.9,3.3,2,7.02,1.4,1.3,1.1,0.7,6.1,0.4,0.5,-,0.1,-,0.5,-,0.3,0.1,46.1,-,4,-,Premier League,2012/2013
103,José Enrique,Liverpool,27,M(L),25(4),2258,2,4,1,-,0.8,76.7,0.4,1,7.01,2.5,1.2,0.5,0.2,1.7,0.3,0.1,-,0.9,1,0.6,0.2,1.9,0.7,45,0.2,3,0.2,Premier League,2012/2013
104,Antonio Valencia,Man Utd,28,M(R),24(6),2212,1,5,6,-,0.5,84.2,1,-,7.00,1.9,0.8,1.2,-,0.6,0.4,0.1,-,1.4,1.4,0.7,0.3,1.5,0.9,35.9,1.3,0.8,-,Premier League,2012/2013
105,Danny Rose,Sunderland,23,M(L),25(2),2222,1,1,6,-,0.6,76.9,1,-,7.00,2.3,2.7,1.1,0.2,2.4,0.8,0.4,-,0.4,1,2.3,-,0.8,0.5,36,0.2,1.9,-,Premier League,2012/2013
106,Stewart Downing,Liverpool,29,M(CLR),25(4),2194,3,5,-,-,1.8,83.6,0.3,-,7.00,0.8,0.6,0.2,-,0.8,0.2,0.1,-,2.3,0.6,0.4,0.4,0.8,0.5,36.4,1.3,2,-,Premier League,2012/2013
107,Shaun Maloney,Wigan,30,AM(CLR),34(2),2946,6,8,6,-,1.6,89.9,0.2,2,7.00,1.2,1.1,0.9,0.1,0.5,0.6,0.1,-,1.8,0.6,2.5,0.3,1.8,1.2,44.2,0.8,1.3,0.2,Premier League,2012/2013
108,Simon Mignolet,Sunderland,25,GK,38,3420,-,-,1,-,-,42.2,0.2,4,6.99,0.1,-,-,-,1.3,0.1,-,-,-,-,0.2,-,-,0.1,29,-,10.1,-,Premier League,2012/2013
109,Ashley Young,Man Utd,28,M(LR),17(2),1375,-,3,1,-,1.4,83.5,0.6,-,6.99,1.2,0.8,0.7,0.1,0.6,0.4,0.1,-,1.8,0.5,2.1,0.2,0.9,0.9,35.3,1.2,1.4,0.1,Premier League,2012/2013
110,Rio Ferdinand,Man Utd,35,D(C),26(2),2324,1,1,2,-,0.1,89.6,1.6,1,6.99,1.3,1.5,0.3,0.4,7.9,0.1,0.6,-,0.2,0.3,0.4,-,0.3,0.3,46.4,-,5,-,Premier League,2012/2013
111,César Azpilicueta,Chelsea,24,M(R),24(3),2196,-,4,4,-,0.4,81.8,0.9,1,6.99,2.6,1.6,0.8,0.3,2.5,0.6,0.2,1,0.9,0.3,0.7,-,0.3,0.5,45,0.9,1.9,-,Premier League,2012/2013
112,Gareth Barry,Man City,32,M(C),27(4),2397,1,2,6,-,0.7,86.3,1.7,1,6.99,2.1,1.4,1.2,0.1,1.5,0.5,0.2,1,1.2,0.2,0.8,0.1,0.9,0.7,58.8,0.4,2.8,0.1,Premier League,2012/2013
113,Lukas Podolski,Arsenal,28,FW,25(8),2000,11,9,1,-,1.6,83.8,0.8,1,6.98,1,0.5,1,-,0.5,0.5,0.1,-,1,0.4,0.5,0.3,0.6,0.9,28.5,0.2,0.3,0.1,Premier League,2012/2013
114,Paul Scharner,Wigan,33,D(C),14,1260,-,1,5,-,0.6,82.8,2.4,-,6.98,1.7,4.1,1.1,0.6,5.4,0.9,0.3,-,0.4,0.2,0.6,0.1,0.5,0.2,44.1,-,3.6,-,Premier League,2012/2013
115,Lucas Piazón,Chelsea,19,FW,0(1),16,-,1,-,-,1,88.9,-,-,6.98,-,-,-,-,-,-,-,-,1,-,1,-,-,-,18,-,-,-,Premier League,2012/2013
116,Clint Hill,QPR,35,D(CL),31,2632,-,1,8,-,0.4,72.3,2.7,1,6.98,2.1,1.8,1.3,0.6,9.9,0.5,1.2,1,0.2,-,0.6,-,0.1,0.1,22.1,-,1.5,-,Premier League,2012/2013
117,Steven Fletcher,Sunderland,26,FW,28,2373,11,1,3,-,2,63.8,5.1,3,6.98,0.2,0.4,1.1,-,0.9,0.3,0.1,-,0.8,0.4,1.6,0.7,1.8,2,28.2,0.1,0.6,-,Premier League,2012/2013
118,Adrian Mariappa,Reading,27,D(CR),29,2610,1,-,5,-,0.4,73.4,2.9,1,6.98,1.9,1.9,0.7,0.9,8.4,0.4,1.2,-,0.1,0.2,0.7,0.1,0.2,0.5,23.6,-,1.7,-,Premier League,2012/2013
119,Zoltán Gera,West Brom,34,M(CLR),14(2),1129,4,1,1,-,1.2,78.9,1.5,1,6.98,2.7,0.8,1,-,1.1,0.9,0.1,-,0.9,0.1,1.1,0.1,2.1,1.5,32,0.8,0.9,0.1,Premier League,2012/2013
120,Raheem Sterling,Liverpool,19,FW,19(5),1749,2,2,1,-,1.4,84.5,0.2,1,6.97,1.7,0.6,1.2,-,0.2,0.7,-,-,1.5,1.9,2.3,0.3,2.7,1.8,29.9,0.3,0.2,-,Premier League,2012/2013
121,Steven Caulker,Tottenham,21,D(C),17(1),1575,2,1,-,-,0.8,89.7,2.2,1,6.97,1.1,1.8,0.3,1.1,10.1,0.1,0.4,-,0.4,-,0.1,-,0.2,0.1,36.3,-,3.1,-,Premier League,2012/2013
122,Edin Dzeko,Man City,27,FW,16(16),1816,14,3,4,-,2.9,69.2,2.7,2,6.96,0.3,0.2,0.6,-,0.5,0.3,0.2,-,1,0.3,0.7,0.2,1.5,1.4,21.2,0.1,0.5,-,Premier League,2012/2013
123,Mahamadou Diarra,Fulham,32,DMC,7(1),608,-,-,1,-,0.6,90,1.6,-,6.96,2.4,2.8,1.5,-,1.3,0.8,0.4,-,0.3,0.5,1.4,-,1,0.3,64,-,6.4,-,Premier League,2012/2013
124,Martin Skrtel,Liverpool,29,D(C),23(2),2079,2,-,4,-,0.6,90.5,2.9,-,6.96,1.4,1.6,0.9,0.3,6.7,0.1,1,-,0.3,0.1,0.3,0.1,0.2,0.2,46.2,-,3.3,-,Premier League,2012/2013
125,Aaron Ramsey,Arsenal,22,M(CLR),21(15),2087,1,2,5,-,1.3,88.2,0.4,1,6.96,2,1.2,1.3,0.1,0.7,0.9,0.2,-,1.3,0.9,0.9,-,1.2,0.6,53.7,0.2,2.9,0.3,Premier League,2012/2013
126,Adam Lallana,Southampton,25,M(CLR),26(4),2242,3,5,2,-,1.7,80.8,0.7,1,6.96,2.4,2.2,0.8,-,0.8,0.5,-,-,1.3,0.7,1.4,0.3,2.2,2,32.4,0.8,0.3,0.1,Premier League,2012/2013
127,Luke Shaw,Southampton,18,M(L),22(3),1951,-,-,2,-,0.4,71.6,2,1,6.96,2,2,0.6,-,3.6,0.4,0.2,-,0.4,0.9,1,-,0.8,0.9,28.6,0.7,0.7,-,Premier League,2012/2013
128,Davide Santon,Newcastle,22,D(LR),31,2645,1,2,4,-,0.7,84,0.7,-,6.95,2.2,1.5,0.7,0.4,4.5,0.8,0.3,-,0.9,1.5,1.3,0.1,0.7,0.6,33.7,0.4,2.3,-,Premier League,2012/2013
129,Robert Huth,Stoke,29,D(C),35,3150,1,-,5,-,0.9,64.9,2.8,1,6.95,1.9,1.4,1.3,0.6,7.9,0.3,0.9,-,0.1,0.1,0.7,-,0.1,0.4,19.5,-,2.2,-,Premier League,2012/2013
130,Romelu Lukaku,West Brom,20,FW,20(15),2006,17,4,3,-,2.8,72,1.9,5,6.95,0.2,0.1,0.6,-,0.3,0.3,0.1,-,1,0.9,0.3,1.2,1.3,1.4,16.3,0.2,0.2,-,Premier League,2012/2013
131,Per Mertesacker,Arsenal,29,D(C),33(1),3028,3,-,3,1,0.5,91.5,2.6,1,6.95,1,1.5,0.4,1.1,4.8,0.4,0.6,-,0.1,-,0.6,-,-,0.1,50.1,-,1.7,-,Premier League,2012/2013
132,Ben Davies,Swansea,20,M(L),33(4),3049,1,2,5,-,0.2,83.1,1.5,1,6.95,2.5,1.8,0.8,0.1,4.5,0.9,0.3,-,0.5,0.5,0.9,-,0.4,0.3,41.2,0.6,2,-,Premier League,2012/2013
133,Maya Yoshida,Southampton,25,D(CR),31(1),2852,-,-,2,-,0.3,76.6,2.9,-,6.95,1.8,2.2,0.7,1.1,7.2,0.4,0.6,-,0.1,0.1,0.5,-,0.1,0.3,43.7,0.1,3.2,-,Premier League,2012/2013
134,Piscu,Wigan,26,D(C),3(2),356,-,-,1,-,-,83.1,1.4,-,6.94,3.8,4,1,0.8,5.8,0.2,-,-,0.2,-,0.4,-,-,-,29.6,-,2.6,-,Premier League,2012/2013
135,Nicky Shorey,Reading,32,D(L),16(1),1443,-,4,-,-,0.6,72.8,0.8,-,6.94,1,1.4,0.4,0.2,3.2,0.2,0.4,-,2.6,0.2,0.2,-,0.2,0.4,37.4,2.9,2.6,-,Premier League,2012/2013
136,Laurent Koscielny,Arsenal,28,D(C),20(5),1673,2,1,1,1,0.4,83.3,2.3,2,6.94,1.7,1.6,0.6,1.2,4.9,0.2,0.4,-,0.1,0.1,0.6,-,-,0.2,30.6,-,1.4,-,Premier League,2012/2013
137,Clint Dempsey,Tottenham,30,FW,22(7),1999,7,4,4,-,2.4,81.2,2,3,6.94,0.9,0.7,0.9,-,1,0.3,0.1,-,1.1,0.3,1.6,0.4,1.7,1.2,26.4,-,0.6,0.2,Premier League,2012/2013
138,Craig Gardner,Sunderland,27,M(CLR),32(1),2834,6,2,10,1,1.7,73.4,1.2,2,6.94,3.1,1.8,1.5,0.3,2.9,1.5,0.5,-,0.5,0.5,0.6,0.1,0.7,0.5,38.6,0.5,2.9,-,Premier League,2012/2013
139,Jonathan de Guzmán,Swansea,26,M(CLR),33(4),2860,5,6,6,-,1.5,88.8,0.2,-,6.94,1.2,1.3,0.9,-,0.6,0.5,0.1,1,1.6,0.4,1.2,-,1.3,0.8,54.3,2.1,4.4,-,Premier League,2012/2013
140,Dwight Tiendalli,Swansea,28,D(R),11(3),1012,1,-,3,-,0.4,85,0.6,-,6.93,3.1,2.2,1.1,-,2.4,0.5,0.1,-,0.4,0.5,1.2,0.2,0.7,0.4,40,0.5,0.9,-,Premier League,2012/2013
141,Jos Hooiveld,Southampton,30,D(C),23(2),2033,-,-,5,-,0.4,73.2,3.8,2,6.92,1.5,2.1,0.8,1,7.6,0.2,0.8,3,0.2,0.1,0.3,-,0.2,0.1,38.8,-,3.1,0.1,Premier League,2012/2013
142,Marc Wilson,Stoke,26,DMC,19,1494,-,-,3,-,0.9,61.3,1.3,-,6.92,3.1,1.7,1,0.3,4,0.8,0.3,-,0.5,0.5,0.3,-,0.6,0.2,24.6,0.6,3.3,-,Premier League,2012/2013
143,Ashley Westwood,Aston Villa,23,DMC,28(2),2463,-,6,2,-,0.3,84.7,0.4,-,6.92,1.7,2.4,0.6,-,1.5,0.4,0.5,1,1.1,0.1,0.5,-,0.7,0.4,44.5,1.1,3.1,0.1,Premier League,2012/2013
144,Esteban Granero,QPR,26,M(CLR),19(5),1666,1,1,7,-,1.1,83.3,0.6,1,6.92,2,1.6,1.5,-,0.8,0.8,0.2,-,2,0.9,1.4,-,2,1.3,40.7,1,3.2,-,Premier League,2012/2013
145,Shinji Kagawa,Man Utd,24,M(CL),17(3),1325,6,3,1,-,1.1,89.7,0.2,1,6.91,0.9,0.6,0.5,-,0.2,0.6,0.1,-,1,0.4,1,0.1,1.7,1.1,41.7,0.3,1.5,0.3,Premier League,2012/2013
146,Jussi Jääskeläinen,West Ham,38,GK,38,3420,-,-,2,-,-,52.2,-,5,6.91,-,-,-,-,0.5,-,-,-,0.1,-,0.1,-,-,-,27.3,-,12.1,-,Premier League,2012/2013
147,Jimmy Kébé,Reading,29,AM(R),16(2),1339,5,1,1,-,1,73.9,0.5,1,6.91,1.3,1.2,0.5,-,1.6,0.4,0.1,-,0.7,1.1,1.4,0.3,0.8,1.4,17.2,0.7,0.2,-,Premier League,2012/2013
148,Petr Cech,Chelsea,31,GK,36,3196,-,-,2,-,-,57.1,0.1,-,6.91,-,-,-,-,0.9,-,-,-,-,-,0.1,-,-,-,26.8,-,7.6,-,Premier League,2012/2013
149,John O'Shea,Sunderland,32,D(C),34,2994,2,-,3,-,0.4,75.3,2.9,-,6.91,1.5,2,0.8,0.5,8,0.5,0.8,-,0.2,0.1,0.4,-,0.1,0.1,28.3,-,2.4,-,Premier League,2012/2013
150,Glenn Whelan,Stoke,29,DMC,31(1),2593,-,4,4,-,0.7,81.7,0.8,-,6.91,1.9,2,1.1,-,1.9,1.3,0.4,-,1.3,0.2,0.7,-,0.8,0.7,40.1,1.4,3.4,0.1,Premier League,2012/2013
151,Bradley Johnson,Norwich,26,M(CL),37,3228,1,1,10,-,1.1,71.9,2.1,-,6.90,2.5,2.3,1.9,-,2.4,1.5,0.4,-,0.5,0.4,0.9,-,0.9,0.8,44.9,0.1,4.3,-,Premier League,2012/2013
152,Andre Wisdom,Liverpool,20,M(R),12,1016,-,1,-,-,0.5,88.7,1.6,-,6.90,2.4,1.1,0.5,0.1,3.7,0.6,0.3,-,0.3,0.5,0.3,-,0.8,0.4,40.7,-,1.1,-,Premier League,2012/2013
153,Stéphane Mbia,QPR,27,M(C),29,2375,-,3,9,1,1.2,82.7,1.4,1,6.90,2.6,2.7,1.8,0.1,2,0.5,0.4,-,0.7,0.4,1.4,0.1,1.2,1.1,36.4,-,2.3,0.1,Premier League,2012/2013
154,Mark Schwarzer,Fulham,41,GK,36,3240,-,-,-,-,-,51.3,0.3,-,6.90,-,0.1,-,-,0.9,0.1,-,-,-,-,0.2,-,-,0.1,32.2,-,8.6,-,Premier League,2012/2013
155,Nathaniel Clyne,Southampton,22,M(R),34,3021,1,3,2,-,0.2,78.6,0.3,-,6.90,2.8,2.1,0.6,0.2,3.5,0.5,0.3,1,0.6,0.9,0.5,-,1.1,0.7,39.1,0.6,0.8,-,Premier League,2012/2013
156,José Fonte,Southampton,30,D(C),25(2),2312,2,-,5,-,0.6,78.7,2.6,1,6.90,1.5,1.4,0.8,1.6,8.8,0.4,0.7,-,0.2,0.1,0.6,-,0.1,-,44.9,-,3.5,0.1,Premier League,2012/2013
157,Darren Fletcher,Man Utd,29,M(C),2(1),181,1,-,-,-,0.7,87.8,2,1,6.89,0.3,0.3,0.7,-,1.7,1,0.3,-,0.7,0.7,1,-,1.3,1,60,-,5.7,-,Premier League,2012/2013
158,Samir Nasri,Man City,26,M(CLR),22(6),1807,2,7,3,1,1.1,90.8,0.1,2,6.89,0.6,0.4,0.3,-,0.3,0.3,-,-,2,1.1,0.5,0.1,1.7,0.7,42.5,1.1,1.5,0.1,Premier League,2012/2013
159,Geoff Cameron,Stoke,28,DMC,29(6),2636,-,1,5,-,0.2,64.9,1.5,3,6.89,3.2,2.1,0.8,0.2,2.5,1.1,0.4,-,0.5,0.6,0.3,-,0.6,0.8,26,0.5,1.8,-,Premier League,2012/2013
160,Fabian Delph,Aston Villa,24,M(CL),19(5),1703,-,-,6,-,0.7,87.8,0.5,-,6.88,2.3,2.8,1.1,-,1.4,1,0.2,1,0.6,1.4,1.1,-,0.9,0.9,43,0.1,2.4,0.1,Premier League,2012/2013
161,Claudio Yacob,West Brom,26,DMC,29(1),2484,-,-,7,-,0.5,87.4,1.3,1,6.88,3.6,1.5,2,0.1,2.7,1,0.5,-,0.2,0.1,0.9,-,0.4,0.5,41.5,-,2.4,-,Premier League,2012/2013
162,Mapou Yanga-Mbiwa,Newcastle,24,D(CR),11(3),1036,-,-,-,-,0.1,79.7,1.5,-,6.88,2.4,1.4,0.9,0.8,6.6,0.3,0.4,-,0.2,0.9,0.8,-,0.5,0.5,28.9,-,1.9,-,Premier League,2012/2013
163,Aaron Hughes,Fulham,34,D(CR),23(1),2115,-,-,1,-,0.3,86.1,2.9,-,6.88,0.8,2.4,0.1,0.8,8.1,0.2,0.8,-,0.2,0.1,0.5,-,0.2,0.1,43.7,-,2.5,-,Premier League,2012/2013
164,Jack Cork,Southampton,24,DMC,28,2431,-,-,1,-,0.5,83.6,1.5,-,6.88,1.9,2.3,0.6,-,2.1,0.9,-,-,0.8,0.6,1.2,0.1,1.4,1,52.1,0.3,2,0.1,Premier League,2012/2013
165,Gastón Ramírez,Southampton,23,FW,20(6),1692,5,3,2,1,2.1,78.6,0.4,2,6.88,1.5,1.6,1.3,-,0.6,0.7,0.1,-,1.2,1.1,1.7,0.1,1.9,2,27.5,0.8,1,0.3,Premier League,2012/2013
166,Ryan Shawcross,Stoke,26,D(C),37,3330,1,1,9,-,0.5,65,2.6,-,6.87,1.5,1.2,0.9,0.5,6.9,0.4,1.1,1,0.2,0.1,0.5,0.1,0.1,0.2,24.5,0.1,3.4,-,Premier League,2012/2013
167,Jordon Ibe,Liverpool,18,M(CLR),1,64,-,1,-,-,1,90.9,-,-,6.87,1,1,1,-,-,-,-,-,2,1,-,1,1,2,33,-,1,-,Premier League,2012/2013
168,Kyle Bartley,Swansea,22,D(C),1(1),147,-,-,-,-,-,86.9,1.5,-,6.87,2.5,0.5,-,0.5,8,0.5,3,-,0.5,-,-,-,1,0.5,42,-,3.5,-,Premier League,2012/2013
169,Ashley Cole,Chelsea,33,M(L),31,2790,1,2,3,-,0.7,88.8,0.7,-,6.87,2.1,1.2,0.5,0.1,2.7,0.7,0.2,-,0.6,0.4,0.7,0.1,0.8,0.8,42.5,0.2,2.1,-,Premier League,2012/2013
170,Arouna Koné,Wigan,30,FW,32(2),2931,11,5,-,-,2.7,84.3,0.6,1,6.87,0.7,0.4,1.1,-,0.2,0.3,0.1,-,1.2,1.3,0.9,0.8,2.5,2.2,26.4,0.1,0.8,0.1,Premier League,2012/2013
171,James McCarthy,Wigan,23,M(C),38,3376,3,2,7,-,1,87.3,0.4,1,6.87,2.6,2,1.3,-,1.6,1.1,0.5,-,0.9,0.7,1.3,-,0.7,0.8,57.6,0.1,4.7,-,Premier League,2012/2013
172,Gareth McAuley,West Brom,34,D(C),36,3240,3,2,3,-,0.7,81.3,3.5,3,6.87,1,0.9,0.6,1.3,7.9,0.3,0.9,2,0.3,0.2,0.7,-,0.2,0.4,26.3,-,1.8,-,Premier League,2012/2013
173,Joseph O'Brien,West Ham,27,D(LR),32(1),2724,2,4,6,-,0.3,79.2,1.2,-,6.86,1.5,0.9,0.8,0.2,5,0.6,0.5,1,0.6,0.4,0.8,-,0.4,0.4,28.4,0.4,1.6,-,Premier League,2012/2013
174,Emmerson Boyce,Wigan,34,M(R),36,3150,4,-,5,-,0.7,75.4,2.4,2,6.86,2,2.1,0.7,0.2,2.9,0.5,0.3,1,0.5,0.5,0.6,-,0.4,0.8,35.8,0.5,1.4,-,Premier League,2012/2013
175,David de Gea,Man Utd,23,GK,28,2520,-,-,-,-,-,54.8,0.2,1,6.86,-,-,-,-,1,-,-,-,-,-,0.3,-,-,-,23.5,-,6.1,-,Premier League,2012/2013
176,Jonás Gutiérrez,Newcastle,30,M(CLR),34,2899,1,-,8,-,0.7,81.5,0.5,1,6.85,2.5,1.7,0.8,0.1,3.3,0.8,0.5,-,0.8,0.7,1.8,-,1.6,1,30.6,0.6,1,-,Premier League,2012/2013
177,Cheick Tioté,Newcastle,27,M(C),22(2),1762,-,1,7,1,0.8,83.6,1.6,1,6.85,2.5,2.6,2.4,0.1,2.3,1.5,0.3,-,0.7,1.2,1.5,-,1.7,1,56,0.2,5.1,0.1,Premier League,2012/2013
178,Chris Smalling,Man Utd,24,D(CR),10(5),1013,-,-,1,-,0.5,85,2,-,6.85,1,1.1,0.4,0.2,5.4,0.1,0.7,-,0.1,0.1,0.5,0.1,0.4,0.2,30.2,0.3,1.8,-,Premier League,2012/2013
179,William Gallas,Tottenham,36,D(C),16(3),1526,1,-,2,-,0.3,90.5,1.5,-,6.85,0.9,1.7,0.3,0.9,9.1,0.1,0.7,-,-,0.1,0.1,0.2,0.3,0.2,32,-,3.6,-,Premier League,2012/2013
180,Nuri Sahin,Liverpool,25,M(C),7,455,1,1,-,-,1.1,82.5,1.7,-,6.84,1.4,2,1.4,-,0.4,0.4,0.1,-,1.1,0.3,1,0.3,1,0.4,40,0.1,1.4,-,Premier League,2012/2013
181,Sebastien Bassong,Norwich,27,D(C),34,2962,3,2,3,-,0.4,77.2,3,1,6.84,0.6,1.6,0.8,0.9,6.4,0.1,0.7,-,0.2,0.3,0.4,0.1,0.1,0.2,25.2,-,1.5,-,Premier League,2012/2013
182,Ricardo Vaz Tê,West Ham,27,FW,18(6),1610,3,4,3,-,1.8,72.8,1.1,-,6.84,1.3,1,0.8,0.1,1,0.5,-,-,1.2,0.7,1.3,0.4,1.1,1.3,21.6,0.6,0.4,0.1,Premier League,2012/2013
183,James Tomkins,West Ham,24,D(CR),18(8),1730,1,1,5,-,0.8,75.1,2.7,1,6.84,1.3,1.1,0.4,0.7,7,0.3,0.7,-,0.2,-,0.5,0.1,0.1,0.3,24.4,0.2,2.5,-,Premier League,2012/2013
184,Maicon,Man City,32,D(R),4(5),517,-,-,-,-,1.1,83.8,1.2,-,6.84,0.9,1,1.1,-,1.8,0.6,0.3,-,1.1,0.7,0.3,-,0.8,0.1,34.3,0.7,1.6,-,Premier League,2012/2013
185,Pablo Hernández,Swansea,28,M(CLR),27(3),2202,3,6,3,-,1.6,80.2,0.2,-,6.83,0.9,1.3,0.5,-,0.5,0.6,0.1,-,1.8,1,0.8,0.3,0.8,1.3,43.2,0.5,2.5,0.3,Premier League,2012/2013
186,Sascha Riether,Fulham,30,D(R),35,3045,1,4,4,-,0.2,84.8,0.6,-,6.83,1.6,1.6,0.6,0.3,3.5,0.3,0.4,-,0.7,0.3,0.5,-,0.2,0.3,45,0.5,3.4,-,Premier League,2012/2013
187,Garry Monk,Swansea,34,D(C),10(1),923,-,-,-,-,0.4,91,2.4,-,6.83,1.2,1.7,0.4,0.5,10.2,0.5,0.7,-,0.1,0.2,0.6,-,0.2,0.2,36.5,-,2.7,-,Premier League,2012/2013
188,Armand Traore,QPR,24,M(L),24(2),2096,-,-,3,-,0.2,78.1,1.6,-,6.83,2.2,2,0.3,0.1,3.6,0.8,0.2,-,0.4,0.8,0.6,-,0.7,0.8,29.4,0.3,0.8,-,Premier League,2012/2013
189,Tom Cleverley,Man Utd,24,M(CLR),18(4),1456,2,2,1,-,0.9,90.2,0.2,-,6.83,1.7,0.7,0.4,-,1,1,0.1,-,0.9,0.2,1,-,0.5,0.6,48.9,0.2,3,-,Premier League,2012/2013
190,Chris Brunt,West Brom,29,M(CLR),23(8),2182,2,3,4,-,1.3,78.8,0.5,-,6.83,1.7,1.1,0.9,-,0.9,1.1,0.1,-,1.8,0.2,0.3,0.1,0.5,0.6,37.2,1.8,2.5,-,Premier League,2012/2013
191,Mikele Leigertwood,Reading,31,DMC,29(1),2646,1,-,3,-,0.6,75.4,1.4,-,6.83,3,2.7,1.4,-,2.6,1.2,0.5,-,0.4,0.6,0.5,-,1.3,0.9,42.2,-,3,0.1,Premier League,2012/2013
192,Wojciech Szczesny,Arsenal,23,GK,25,2250,-,-,1,-,-,63.3,0.2,-,6.83,-,-,0.1,-,1.1,0.1,-,-,-,-,-,-,-,0.1,24.4,-,8.2,-,Premier League,2012/2013
193,James McArthur,Wigan,26,M(CLR),24(10),2407,3,2,7,-,0.8,85,0.7,1,6.83,2.6,1.6,1,-,1.1,1,0.7,-,0.8,0.4,0.8,-,1.1,0.9,48.6,-,4,-,Premier League,2012/2013
194,José Bosingwa,QPR,31,D(CLR),22(1),1832,-,1,2,-,0.6,76.5,0.7,-,6.82,2.3,2.3,0.6,0.4,3.7,0.5,0.4,-,0.8,0.4,0.8,0.1,1,0.5,39.5,0.8,2.1,-,Premier League,2012/2013
195,Youssouf Mulumbu,West Brom,26,M(C),28,2516,2,2,4,1,1.4,85.7,0.5,1,6.82,2.3,1.5,1.4,-,0.4,0.8,0.3,-,1.1,1.1,1.7,-,2.5,1.6,54.6,0.1,3.5,0.1,Premier League,2012/2013
196,Ciaran Clark,Aston Villa,24,D(CL),28(1),2498,1,-,6,1,0.4,80.5,2.6,-,6.82,1.3,2.3,1.1,0.8,11.3,0.4,1.1,1,-,0.1,0.3,-,0.2,0.3,27.1,-,1.7,-,Premier League,2012/2013
197,Nick Powell,Man Utd,19,FW,0(2),29,1,-,-,-,0.5,77.3,0.5,-,6.82,1,-,-,-,-,-,-,-,-,0.5,-,-,-,-,11,-,0.5,-,Premier League,2012/2013
198,Thomas Vermaelen,Arsenal,28,D(CL),25(4),2238,-,-,3,-,0.5,86.3,2.3,-,6.82,1.5,1.6,0.7,0.7,4.5,0.3,0.7,-,0.1,0.3,0.7,-,0.1,0.4,40.2,-,2.9,-,Premier League,2012/2013
199,Darron Gibson,Everton,26,M(C),22(1),1811,1,2,4,1,1.6,81.7,0.4,1,6.82,1.9,1.5,0.8,-,1.6,0.6,0.2,-,1.2,0.3,0.2,-,0.3,0.4,49.6,0.6,5,-,Premier League,2012/2013
200,Chris Herd,Aston Villa,24,D(C),9,756,-,-,1,-,0.1,73.9,2.6,-,6.82,3,2,1.4,0.8,9.9,0.8,0.3,-,0.1,0.8,0.8,-,0.2,0.2,26,-,1.6,-,Premier League,2012/2013
201,Jack Colback,Sunderland,24,M(CL),30(5),2812,-,-,4,-,0.3,86,0.5,1,6.82,2.5,2,1,-,1.6,0.8,0.6,-,0.5,0.2,1.3,-,0.7,0.3,31.8,0.2,1.8,-,Premier League,2012/2013
202,Ryan Shotton,Stoke,25,M(R),20(3),1822,-,1,4,1,0.4,67.2,1.7,-,6.82,2.6,1.2,0.8,0.4,2.9,1,0.5,-,0.3,0.5,0.6,-,0.8,0.5,25.7,0.6,1.6,-,Premier League,2012/2013
203,James Morrison,West Brom,27,M(CR),33(2),2851,5,5,4,-,1.5,81.6,0.5,-,6.82,1.5,0.9,0.5,-,0.4,0.6,0.1,-,1.8,0.5,0.9,-,1.8,1.7,38.5,0.8,2.6,0.1,Premier League,2012/2013
204,Sebastian Larsson,Sunderland,28,M(CR),36(2),3001,1,3,5,-,0.8,83.6,0.4,1,6.82,2.1,1.3,1.4,-,1.2,1,0.4,-,1,0.3,0.4,0.1,0.5,0.3,33.2,1.4,2.2,-,Premier League,2012/2013
205,Jordan Henderson,Liverpool,23,M(CLR),16(14),1529,5,4,3,-,1.1,84.5,0.3,1,6.81,1.2,1.1,0.7,-,0.4,0.4,0.2,-,1.1,0.2,0.4,0.1,0.7,0.3,33,0.2,1.4,0.1,Premier League,2012/2013
206,Chris Baird,Fulham,31,DMC,14(5),1315,2,-,5,-,0.7,84.6,0.5,-,6.81,1.4,3.2,0.9,-,1.7,0.8,0.7,-,0.6,0.1,0.3,-,0.5,0.3,45.4,0.1,3.1,0.1,Premier League,2012/2013
207,Jermain Defoe,Tottenham,31,FW,27(7),2415,11,3,4,-,3.2,85.1,0.2,3,6.81,0.5,0.3,0.7,-,0.1,0.2,-,-,0.9,0.4,0.7,0.5,1.2,1.4,12.9,-,0.3,0.2,Premier League,2012/2013
208,Mathieu Debuchy,Newcastle,28,M(R),14,1168,-,-,2,1,0.4,69.3,3.6,1,6.81,3.1,1.6,1.9,0.7,6.4,0.9,0.2,-,0.4,0.4,1.1,0.4,0.8,0.5,32.1,0.9,0.7,-,Premier League,2012/2013
209,Victor Anichebe,Everton,25,FW,19(7),1721,6,4,2,-,2.5,67.4,2.8,-,6.81,0.7,0.2,1.2,-,0.5,0.3,0.1,-,0.9,0.3,0.9,0.5,1.1,2.2,17.3,0.2,0.4,-,Premier League,2012/2013
210,Boaz Myhill,West Brom,31,GK,8,720,-,-,-,-,-,51.5,0.1,-,6.81,-,-,-,-,1.1,-,-,-,-,-,-,-,-,-,25.8,-,9.8,-,Premier League,2012/2013
211,John Arne Riise,Fulham,33,D(L),29(2),2530,-,2,4,-,0.9,76.2,1.5,1,6.81,1.7,1.7,0.6,0.3,3.7,0.5,0.4,-,0.6,0.3,0.5,0.1,0.4,0.4,37.5,0.5,2.9,-,Premier League,2012/2013
212,Chicharito,Man Utd,25,FW,9(13),949,10,3,1,-,2,82.1,0.2,-,6.81,0.3,0.3,0.6,-,0.1,0.1,-,-,0.6,0.2,0.9,0.9,1,0.9,12.2,0.1,0.4,-,Premier League,2012/2013
213,Phil Jones,Man Utd,21,DMC,13(4),1206,-,1,4,-,0.6,85.3,1.6,-,6.81,1.6,1.8,0.8,0.2,3.5,0.4,0.5,-,0.5,0.4,1.2,-,0.8,0.6,34.8,0.3,2,-,Premier League,2012/2013
214,Scott Parker,Tottenham,33,M(C),15(6),1363,-,1,1,-,0.7,84,0.5,-,6.81,2.5,2.2,1,-,1.1,0.7,0.2,-,0.9,0.4,1.4,-,1.1,0.8,44.4,0.1,1.6,0.2,Premier League,2012/2013
215,Andreas Weimann,Aston Villa,22,FW,26(4),2254,7,2,4,-,2.1,79.5,0.5,-,6.81,0.7,1.4,0.7,-,0.8,0.4,0.1,-,0.8,0.4,0.8,0.5,1.2,1.2,22.5,0.4,0.7,0.2,Premier League,2012/2013
216,Jason Puncheon,Southampton,27,M(CLR),25(7),2066,5,1,1,-,2.1,79,0.3,-,6.81,1.7,1,1.2,-,0.6,0.5,-,-,0.8,1,0.6,0.2,1.6,1.3,26.3,0.7,0.8,0.1,Premier League,2012/2013
217,Javi García,Man City,26,DMC,17(7),1496,2,-,5,-,0.7,89.1,2,2,6.80,1,1.4,1.4,0.2,2.4,0.8,0.6,-,0.2,0.1,0.8,-,0.4,0.2,38.1,-,3,-,Premier League,2012/2013
218,John Ruddy,Norwich,27,GK,15,1342,-,-,-,-,-,32.3,0.3,1,6.80,-,-,-,-,1.3,-,-,-,-,-,-,-,-,-,27.7,-,7.1,-,Premier League,2012/2013
219,Gonzalo Jara,West Brom,28,DMC,0(1),45,-,1,-,-,-,85.7,-,-,6.80,1,-,1,-,1,1,-,-,2,-,-,-,-,-,21,1,-,-,Premier League,2012/2013
220,Aleksandar Kolarov,Man City,28,M(L),11(9),1051,1,2,4,-,1.2,78.5,1,-,6.80,1.7,1.1,1,0.1,2,0.6,0.1,-,0.8,0.2,0.6,0.2,0.5,0.3,22.8,1.1,0.9,-,Premier League,2012/2013
221,Fabricio Coloccini,Newcastle,31,D(C),22,1921,-,1,1,1,0.2,88.6,1.5,-,6.79,2,1.9,0.5,1.2,6,0.7,0.5,-,0.4,0.3,0.5,-,0.2,0.3,32.2,0.1,4.5,-,Premier League,2012/2013
222,Asmir Begovic,Stoke,26,GK,38,3420,-,-,3,-,-,55.4,0.2,2,6.79,-,-,-,-,0.8,0.1,-,-,0.1,-,0.1,-,-,-,28.9,-,14,-,Premier League,2012/2013
223,Ben Foster,West Brom,30,GK,30,2700,-,-,-,-,-,46.6,0.2,1,6.79,-,-,-,-,0.7,-,-,-,0.1,-,0.1,-,-,0.1,26.6,-,8.8,-,Premier League,2012/2013
224,Alex Oxlade Chamberlain,Arsenal,20,M(CLR),11(14),1063,1,3,1,-,1.3,81.1,0.4,-,6.78,1.1,0.6,0.2,-,0.4,0.3,-,-,0.8,1.2,0.6,0.1,1,0.7,21,0.3,0.8,0.1,Premier League,2012/2013
225,Gervinho,Arsenal,26,FW,12(6),1019,5,3,1,-,1.9,84.8,0.3,1,6.78,0.5,0.6,0.2,-,0.1,0.2,-,-,0.8,1.3,0.6,0.4,1.2,1.2,19.7,0.1,-,-,Premier League,2012/2013
226,Billy Jones,West Brom,26,M(R),24(3),2210,1,2,8,-,0.4,73.5,1.1,1,6.78,2,1,1,0.2,3.3,0.4,0.3,-,0.5,0.9,0.7,0.1,0.3,0.6,25,0.3,0.9,-,Premier League,2012/2013
227,Julio César,QPR,34,GK,24,2101,-,1,-,-,-,43.3,0.2,2,6.78,-,-,-,-,1.2,-,-,1,0.1,-,0.1,-,-,-,25,-,6.8,-,Premier League,2012/2013
228,Kevin Nolan,West Ham,31,M(C),35,2991,10,2,6,-,2.3,78.7,0.5,1,6.78,1.7,0.9,1.8,0.1,1.3,1,0.3,-,0.8,0.1,0.5,0.5,1.4,0.9,29.1,0.2,1.1,0.1,Premier League,2012/2013
229,Jermaine Pennant,Stoke,30,M(R),1,66,-,-,-,-,-,44.4,2,-,6.78,4,1,-,-,-,2,-,-,-,-,2,-,5,-,9,1,-,-,Premier League,2012/2013
230,Ki Sung-Yeung,Swansea,24,DMC,20(9),2037,-,2,3,-,1.3,92.7,0.5,-,6.78,1.1,1.2,0.9,0.1,1.3,0.3,0.3,-,1.1,0.4,0.8,-,0.8,0.5,55.8,0.6,5.9,0.1,Premier League,2012/2013
231,Steven Whittaker,Norwich,29,D(LR),12(1),1047,1,-,-,-,0.5,75.1,0.9,-,6.78,1.8,1.5,0.6,0.2,4.4,1.2,0.1,-,0.4,0.4,0.5,-,0.6,0.5,32.7,0.3,1.4,-,Premier League,2012/2013
232,Kolo Touré,Man City,32,D(C),10(5),918,-,-,2,-,0.3,87.9,0.8,-,6.78,1.3,1,0.8,0.3,5.3,0.1,0.6,-,0.5,0.3,0.1,0.1,0.2,0.1,28.7,-,0.9,-,Premier League,2012/2013
233,Roger Espinoza,Wigan,27,M(CL),6(6),606,1,2,1,-,0.2,79.1,1.5,-,6.77,1.5,2.1,0.8,-,0.7,0.3,0.3,-,1,0.3,0.6,-,0.9,1.3,29.8,0.6,1.5,0.1,Premier League,2012/2013
234,Peter Odemwingie,West Brom,32,FW,13(12),1270,5,3,1,1,2,81.6,0.3,2,6.77,1.1,0.8,0.6,-,0.3,0.3,-,-,1,1.2,0.8,0.3,1.1,1,20.4,0.2,0.7,-,Premier League,2012/2013
235,Alex Pearce,Reading,25,D(C),18(1),1645,-,1,1,-,0.5,68.8,3.5,-,6.77,0.8,1.2,0.7,0.6,8.9,0.1,1.1,-,0.2,0.1,0.4,0.1,-,0.2,26.8,-,1.8,0.1,Premier League,2012/2013
236,Yacouba Sylla,Aston Villa,23,DMC,7(4),597,-,2,3,-,0.5,84.2,0.5,-,6.76,2.2,1.6,1.1,0.1,0.6,-,0.2,-,0.8,0.5,1.2,-,1.2,0.6,32.3,0.4,1.9,-,Premier League,2012/2013
237,Bradley Guzan,Aston Villa,29,GK,36,3240,-,-,2,-,-,50.6,0.3,-,6.76,-,-,-,-,1,0.2,-,-,-,-,0.1,-,-,-,32.1,-,12.3,-,Premier League,2012/2013
238,Gabriel Agbonlahor,Aston Villa,27,FW,24(4),2191,9,3,4,-,1.7,81.2,0.6,1,6.76,0.9,0.5,1.2,-,0.5,0.4,-,-,0.8,0.9,1.3,0.4,1.9,1.4,21.5,0.3,0.4,0.1,Premier League,2012/2013
239,Carl Jenkinson,Arsenal,21,D(R),14,1188,-,-,-,1,0.3,85.1,1.2,-,6.76,2.4,0.6,0.9,0.4,2.4,0.2,0.3,-,0.6,0.7,0.4,-,0.8,0.6,56.9,0.5,2.8,-,Premier League,2012/2013
240,Gary O'Neil,West Ham,30,M(CR),17(7),1442,1,3,2,-,0.5,77.5,0.4,-,6.76,1.4,1.1,1,-,1.3,0.8,0.2,-,1.5,0.2,0.5,0.1,0.6,0.9,32.3,1.1,2.8,-,Premier League,2012/2013
241,Steven Nzonzi,Stoke,25,M(C),35,3109,1,-,9,1,0.5,82.1,3.1,-,6.76,2,0.9,1.1,-,1,0.5,0.3,-,0.4,0.5,0.9,-,1,0.7,44.1,0.1,1.9,-,Premier League,2012/2013
242,John Obi Mikel,Chelsea,26,M(C),19(3),1628,-,-,3,-,0.5,88.9,1.3,-,6.75,2.3,1.5,1.6,-,1.5,0.8,0.2,-,0.3,0.4,0.5,-,0.7,0.6,53,-,3.3,-,Premier League,2012/2013
243,Lukasz Fabianski,Arsenal,28,GK,4,360,-,-,-,-,-,54.3,-,-,6.75,-,-,-,-,0.8,-,-,-,-,-,-,-,-,-,29,-,10.5,-,Premier League,2012/2013
244,Adam Johnson,Sunderland,26,M(CLR),35,2942,5,6,3,-,1.3,79.3,0.1,-,6.75,0.9,0.7,0.4,-,0.3,0.6,0.1,-,1.6,0.9,1.1,0.2,1.5,0.9,27.4,1.4,1.5,0.1,Premier League,2012/2013
245,Shane Long,West Brom,26,FW,25(9),2168,8,4,3,-,1.4,69.7,1.8,1,6.75,1.1,0.2,1.3,-,0.5,0.3,0.1,-,0.8,0.4,1.7,0.6,1.4,1.9,15.6,0.2,0.7,-,Premier League,2012/2013
246,Guy Demel,West Ham,32,D(R),28(3),2479,-,2,2,-,0.1,78.9,0.8,-,6.75,1.4,1.2,0.6,0.3,3.4,0.3,0.4,-,0.6,0.8,0.5,0.1,1.2,0.5,26.8,1,0.7,-,Premier League,2012/2013
247,Samba Diakité,QPR,24,M(C),11(3),938,-,1,4,1,0.7,87.4,0.9,-,6.75,1.6,1.1,1.8,0.1,0.9,0.9,0.1,-,1.2,2.3,1.4,-,1.4,1.1,35.2,0.4,1.5,-,Premier League,2012/2013
248,Ryan Bennett,Norwich,23,D(C),10(5),1065,1,-,2,-,0.3,73.2,3.5,-,6.75,1.3,1.1,0.4,0.7,6.1,0.4,0.7,1,0.2,0.1,0.2,-,-,0.1,20.7,-,1.6,-,Premier League,2012/2013
249,Barry Bannan,Aston Villa,24,M(CLR),18(6),1628,-,1,3,-,0.7,80.8,0.1,1,6.74,1.5,1.4,0.3,-,1.7,0.5,0.4,-,1.4,0.4,0.3,-,0.7,0.5,36.4,2.2,4.3,-,Premier League,2012/2013
250,Alfred N'Diaye,Sunderland,23,M(C),15(1),1298,-,-,3,-,1.1,80.5,1.4,-,6.74,2.8,1.6,1.9,-,1.8,1,0.2,-,0.5,0.8,0.8,-,1.4,0.6,28.5,0.2,1.3,0.1,Premier League,2012/2013
251,Ryan Giggs,Man Utd,40,M(CL),12(10),1162,2,3,-,-,0.6,81.3,0.2,-,6.74,2,0.5,0.6,-,0.3,0.6,0.1,-,1.1,0.5,0.2,0.1,1.3,0.9,28.9,0.6,1.4,0.1,Premier League,2012/2013
252,Nedum Onuoha,QPR,27,D(CR),15(8),1611,-,-,-,-,0.1,75.2,1.4,-,6.74,2.1,2,0.4,0.3,4.7,0.4,0.7,-,0.2,0.3,0.7,-,0.4,0.5,22.1,-,0.9,-,Premier League,2012/2013
253,Jobi McAnuff,Reading,32,AM(CLR),38,3274,-,7,5,-,1.1,68.6,0.7,-,6.74,1.6,1.3,1.1,-,1.1,0.6,0.2,-,1,1.2,1.9,0.1,2,1.2,23.6,1,1,0.1,Premier League,2012/2013
254,Jean Beausejour,Wigan,29,M(L),32(2),2787,1,7,4,-,0.4,77.3,0.6,-,6.74,1.2,1,0.8,0.2,1.8,0.3,0.1,-,1.9,0.5,1.3,0.4,1.1,1.1,39.3,2,0.8,0.1,Premier League,2012/2013
255,Kaspars Gorkss,Reading,32,D(C),14,1260,1,-,2,-,0.6,67.2,3.3,1,6.73,1.3,2.2,0.8,0.9,8.9,0.9,1.2,-,0.1,0.1,0.6,-,-,0.4,22.6,-,1.4,-,Premier League,2012/2013
256,André Santos,Arsenal,30,M(CL),3(5),395,-,-,-,-,0.5,89,0.4,-,6.73,2.4,2,0.5,0.6,1.3,1.5,-,-,0.6,0.1,0.4,-,1.1,0.4,38.8,0.6,1.9,0.1,Premier League,2012/2013
257,Nigel de Jong,Man City,29,M(C),1,90,-,-,-,-,-,93.1,-,-,6.73,2,-,-,-,2,-,-,-,1,1,-,-,-,1,72,-,2,-,Premier League,2012/2013
258,Tim Howard,Everton,34,GK,36,3240,-,-,-,-,-,57.1,0.3,-,6.73,0.1,-,-,-,1.1,0.1,-,-,-,-,0.1,-,-,-,25.7,-,9.1,-,Premier League,2012/2013
259,Jay Bothroyd,QPR,31,FW,2(2),237,1,-,1,-,1.8,59.2,6,-,6.73,-,-,1.8,-,0.5,-,-,-,0.8,-,1.8,0.8,0.3,1,19,-,1.3,-,Premier League,2012/2013
260,Joleon Lescott,Man City,31,D(CL),17(9),1544,1,-,3,-,0.1,89.6,1.5,-,6.73,0.8,1,0.3,0.3,4.8,0.3,0.8,-,-,0.1,0.3,0.1,0.1,-,31.7,-,1.1,-,Premier League,2012/2013
261,Steven Reid,West Brom,32,D(R),11,909,-,-,4,-,0.5,78.4,1.1,-,6.73,1.7,0.9,1.2,0.2,3.4,0.5,0.5,-,0.5,0.2,0.5,-,0.1,0.7,37.9,0.5,3.1,-,Premier League,2012/2013
262,Tom Huddlestone,Tottenham,26,DMC,11(9),1029,-,4,3,1,1,83.6,0.8,-,6.72,1.2,1,0.8,0.2,2.1,0.3,0.3,-,1.1,0.2,0.4,-,0.7,0.4,33.2,1.3,5,0.2,Premier League,2012/2013
263,Matthew Briggs,Fulham,22,D(L),3(2),294,-,-,-,-,0.4,79,0.4,-,6.72,2.8,1.8,0.4,-,2.2,0.8,0.2,-,0.2,1,0.4,-,0.4,0.4,24.8,0.2,2,-,Premier League,2012/2013
264,Russell Martin,Norwich,27,D(CR),30(1),2690,3,-,1,-,0.8,73.5,1.2,-,6.72,1.7,1.4,0.7,0.3,3.7,0.6,0.7,-,0.2,0.1,0.5,-,0.3,0.6,34.1,0.4,2.3,-,Premier League,2012/2013
265,Jay Tabb,Reading,29,M(CL),12,1020,-,1,2,-,0.8,79.7,1.1,-,6.72,2.1,2.3,1.3,-,1.4,0.7,0.3,-,0.8,0.4,1.8,-,1.2,0.9,29.6,-,1.6,0.2,Premier League,2012/2013
266,Tony Hibbert,Everton,32,D(R),4(2),431,-,-,1,-,-,82,0.3,-,6.72,2.3,1.7,0.3,-,3.7,0.7,-,-,0.5,0.2,0.5,-,-,0.2,25,0.5,1,-,Premier League,2012/2013
267,Nani,Man Utd,27,FW,7(4),631,1,2,1,-,1.7,79.4,0.4,-,6.71,0.9,0.9,0.6,-,0.4,0.2,-,-,1,0.9,0.9,0.2,1.7,0.8,24.3,0.7,0.3,0.1,Premier League,2012/2013
268,Maynor Figueroa,Wigan,30,M(L),33,2815,1,1,6,1,1.2,77.8,1.2,1,6.71,2.1,2.2,1.3,0.4,3.6,0.9,0.7,-,0.5,0.6,0.8,-,0.2,0.6,52.1,0.3,4.7,-,Premier League,2012/2013
269,Yoan Gouffran,Newcastle,27,FW,14(1),1061,3,-,1,-,1.8,82.3,1.6,-,6.71,1.4,0.3,0.8,-,1,0.8,0.1,-,1.1,0.7,0.8,0.3,1.4,0.8,20.7,0.1,0.6,0.1,Premier League,2012/2013
270,Alejandro Faurlin,QPR,27,M(C),10(1),785,-,2,-,-,0.3,79.2,0.6,-,6.71,3.3,1.5,0.9,-,1.5,0.9,0.3,1,0.7,0.2,1.5,-,0.7,0.7,51.1,0.4,6,0.1,Premier League,2012/2013
271,Danny Welbeck,Man Utd,23,FW,13(14),1288,1,4,1,-,1.4,86.8,0.8,-,6.71,1.3,0.6,0.5,-,0.4,0.1,0.1,-,0.8,0.8,0.6,0.1,1.4,1.1,18.8,0.1,0.4,-,Premier League,2012/2013
272,Stéphane Sessegnon,Sunderland,29,M(CLR),34(1),2902,7,3,1,1,1.7,83.9,0.5,2,6.71,0.6,0.3,1.2,-,0.2,0.2,0.1,-,1.1,1.7,2.5,0.3,2.3,2.2,26.2,0.3,2,0.1,Premier League,2012/2013
273,Alexander Tettey,Norwich,27,M(C),21(6),1903,-,-,4,-,0.8,83.3,1.1,-,6.71,2,2.2,0.9,-,1.8,0.6,0.3,-,0.3,0.4,0.7,-,0.4,0.4,39.7,-,2.1,-,Premier League,2012/2013
274,Jonathan Walters,Stoke,30,FW,38,3310,8,1,4,-,1.6,68.9,3.3,1,6.71,0.9,0.7,1.2,-,1.3,0.4,0.1,2,0.9,0.5,1.4,0.6,1.7,1.8,26.6,0.4,0.1,0.1,Premier League,2012/2013
275,Danny Guthrie,Reading,26,M(C),19(2),1618,1,1,4,-,0.7,79.3,0.8,-,6.70,2,1.5,0.8,-,0.7,0.8,-,-,1.2,0.1,1.3,0.1,1.3,0.6,38.4,1.4,4.5,0.1,Premier League,2012/2013
276,Michael Turner,Norwich,30,D(C),25(1),2225,3,-,6,-,0.4,77.7,1.5,-,6.70,1.6,1.7,0.9,0.7,7.1,0.5,0.7,-,0.1,-,0.7,-,0.1,0.2,21.9,-,1.5,-,Premier League,2012/2013
277,Michel Vorm,Swansea,30,GK,26,2312,-,-,1,-,-,59.8,0.3,-,6.69,-,-,-,-,0.7,0.1,-,-,0.1,-,0.2,-,-,-,28.7,-,6.8,-,Premier League,2012/2013
278,Bradley Jones,Liverpool,31,GK,7,630,-,-,-,-,-,54.2,0.1,-,6.69,-,-,-,-,1,-,-,-,-,-,0.1,-,-,-,28.7,-,7.6,-,Premier League,2012/2013
279,Giorgos Karagounis,Fulham,36,AM(C),20(5),1556,1,-,3,-,0.8,90.3,0.2,1,6.69,1.9,1.2,0.8,-,0.6,1,0.1,-,0.6,0.7,2.2,-,1,0.3,39.8,0.3,4.1,-,Premier League,2012/2013
280,Ben Watson,Wigan,28,M(C),7(5),624,1,-,1,-,1.2,87.6,0.3,2,6.69,1.4,2.3,1.1,-,1,1,0.4,-,0.3,0.2,0.5,-,0.4,0.5,48.3,0.1,6.7,-,Premier League,2012/2013
281,Wes Hoolahan,Norwich,31,AM(CLR),28(5),2432,3,3,3,-,0.9,84.5,0.2,1,6.69,1.4,0.9,0.4,-,0.1,0.8,-,-,1.4,1,1.4,0.3,2.3,1.8,34.1,0.6,1.2,0.2,Premier League,2012/2013
282,Lee Cattermole,Sunderland,25,M(C),10,667,-,-,2,-,0.2,85.3,0.7,-,6.69,2.1,2.6,1.5,-,0.9,1.6,0.7,-,0.3,0.1,1,0.1,1,0.1,29.2,-,3.3,-,Premier League,2012/2013
283,Damien Duff,Fulham,34,M(LR),27(4),2338,3,7,-,-,0.6,86.9,0.2,-,6.69,0.7,0.6,0.5,-,0.8,0.3,0.2,-,1.3,0.2,0.9,0.4,0.8,0.9,23.2,1.4,0.4,-,Premier League,2012/2013
284,Alexander Kacaniklic,Fulham,22,AM(CLR),16(4),1264,4,2,-,-,1.3,85.3,0.2,1,6.69,0.5,1,0.2,-,0.5,0.2,0.1,-,0.7,0.9,0.9,0.1,1,1.1,14.3,0.4,-,0.1,Premier League,2012/2013
285,Anderson,Man Utd,25,M(CR),9(8),824,1,1,1,-,0.6,86.4,0.5,-,6.68,1.1,0.4,0.5,-,0.5,0.4,0.2,-,0.8,0.7,0.4,0.1,0.8,0.6,37.8,0.1,3.9,-,Premier League,2012/2013
286,Liam Ridgewell,West Brom,29,D(CL),28(2),2486,-,1,6,-,0.1,78,0.9,1,6.68,1.4,1.1,1.1,0.1,3.1,0.5,0.6,-,0.6,0.2,1,0.1,0.5,0.5,32.3,0.5,1.4,-,Premier League,2012/2013
287,Sylvain Marveaux,Newcastle,27,FW,10(12),993,1,4,-,-,0.9,87.3,0.1,-,6.67,0.5,0.3,0.1,-,0.4,0.2,-,-,1.5,1,0.4,-,0.7,0.4,22.5,1.1,1.1,0.2,Premier League,2012/2013
288,Eric Lichaj,Aston Villa,25,M(LR),9(8),1137,-,1,6,-,0.3,75.4,0.7,-,6.67,2.1,1.8,1.3,0.6,2.9,0.6,0.1,-,0.3,0.4,0.7,0.1,0.8,0.7,18.6,0.1,0.2,-,Premier League,2012/2013
289,Tim Krul,Newcastle,25,GK,24,2127,-,1,-,-,-,46.8,0.2,-,6.67,-,0.1,-,-,1.5,0.1,-,-,0.1,-,-,-,-,-,31,-,10.4,-,Premier League,2012/2013
290,Pepe Reina,Liverpool,31,GK,31,2790,-,-,1,-,-,71.3,0.2,-,6.67,-,-,-,-,0.8,-,-,-,-,0.1,0.2,-,-,-,30.9,-,8.1,-,Premier League,2012/2013
291,Fábio,QPR,23,M(R),13(8),1133,-,-,3,-,0.1,73.4,1,1,6.67,2.3,1.6,1.1,0.1,2.6,0.5,0.3,-,0.4,0.5,0.4,-,0.4,0.3,17.9,0.3,0.4,-,Premier League,2012/2013
292,Anton Ferdinand,QPR,28,D(C),10(3),914,-,-,2,-,0.1,79.3,2.9,1,6.67,1.4,2.1,0.7,0.5,8,0.1,0.9,1,-,-,0.7,-,0.1,0.3,25.6,-,2.7,-,Premier League,2012/2013
293,Emmanuel Adebayor,Tottenham,29,FW,18(7),1598,5,1,3,1,1.7,80.8,1.5,-,6.67,0.7,0.1,1.2,-,0.6,0.1,-,-,1.1,0.6,1,0.8,2.4,1.6,24.6,0.1,0.8,-,Premier League,2012/2013
294,Grant Holt,Norwich,32,FW,28(6),2574,8,3,8,-,1.6,64.4,2.3,-,6.67,0.8,0.4,2.4,-,1.2,0.4,0.1,-,0.9,0.3,1.6,1.3,1,1.6,23.2,0.2,0.5,0.1,Premier League,2012/2013
295,Joe Bennett,Aston Villa,23,M(L),21(4),1855,-,2,2,1,0.3,83.2,0.8,-,6.66,1.7,1.8,0.8,0.3,3.8,0.4,0.8,-,0.4,0.8,0.9,0.2,0.9,0.6,29.6,0.1,1.2,-,Premier League,2012/2013
296,Steve Harper,Newcastle,38,GK,5(1),458,-,-,-,-,-,45.9,0.2,-,6.66,-,0.2,-,-,1.5,-,-,-,-,-,0.2,-,-,-,28.3,-,8,-,Premier League,2012/2013
297,Ian Harte,Reading,36,D(L),15(1),1361,-,3,1,-,0.6,69.2,0.9,-,6.66,1.3,1.1,0.8,0.3,4.3,0.8,0.6,-,0.8,0.1,0.1,0.1,0.3,0.4,31,1.4,2.9,-,Premier League,2012/2013
298,Steven Taylor,Newcastle,27,D(C),24(1),2136,-,-,2,-,0.6,90.2,2.9,-,6.66,0.6,0.6,0.5,0.3,8.8,0.4,0.8,-,0.1,0.2,0.6,0.1,0.1,0.2,29.3,-,2.4,-,Premier League,2012/2013
299,Christopher Samba,QPR,29,D(C),10,900,-,-,2,-,1.3,68.8,4,-,6.66,1.1,1.2,0.7,1.3,8.8,0.4,0.9,-,0.1,0.1,0.3,0.1,0.1,0.4,25.3,-,2.1,-,Premier League,2012/2013
300,Steven Davis,Southampton,28,M(CLR),22(10),2073,2,1,1,-,0.8,85.3,0.4,1,6.66,1.8,1.5,0.7,-,0.9,0.7,0.1,-,0.9,0.2,0.4,0.1,1,0.8,40.9,0.7,1.2,0.2,Premier League,2012/2013
301,Wayne Routledge,Swansea,28,FW,30(6),2528,5,4,-,-,0.8,80.3,0.2,-,6.65,1.1,0.4,1.1,-,0.4,0.6,0.1,-,1.6,0.8,1,0.2,1.3,1.7,32.7,0.5,1.5,-,Premier League,2012/2013
302,Anthony Pilkington,Norwich,25,FW,25(5),2158,5,3,2,-,1.4,80.6,0.4,-,6.65,1.1,0.5,0.5,-,0.6,0.5,0.1,-,0.8,0.5,0.5,0.2,1,1,19.3,0.8,0.2,-,Premier League,2012/2013
303,Jay Rodríguez,Southampton,24,FW,24(11),2181,6,5,4,-,2.5,73.8,0.9,1,6.65,1,0.9,1.1,-,0.5,0.4,0.1,-,0.5,0.9,0.8,0.5,1.4,2.1,17,0.1,0.3,0.1,Premier League,2012/2013
304,Loïc Rémy,QPR,26,FW,13(1),1188,6,-,1,-,2.7,77.1,0.8,-,6.65,0.5,0.2,0.7,-,0.4,0.3,0.1,-,1.1,0.6,0.8,1.2,2.3,1.9,20.9,0.1,0.6,-,Premier League,2012/2013
305,Titus Bramble,Sunderland,32,D(C),12(4),1180,-,-,3,-,0.4,70.6,2.4,-,6.65,1.8,1.6,1,0.1,7.1,0.5,0.7,1,0.2,-,0.4,0.1,-,0.3,22.1,0.1,2.3,-,Premier League,2012/2013
306,Iván Ramis,Wigan,29,D(C),16,1399,2,-,1,-,0.4,86,1.4,-,6.65,2.1,1.4,1.2,0.6,5,1,0.3,-,0.1,0.4,0.5,0.1,0.5,0.1,46.8,-,4.8,-,Premier League,2012/2013
307,Joe Cole,West Ham,32,M(LR),7(4),618,2,-,2,-,1.3,80.5,0.4,-,6.65,0.7,0.5,0.6,0.1,0.2,0.1,-,-,1.5,0.3,0.8,0.7,1.7,0.3,23.3,1.9,0.5,0.2,Premier League,2012/2013
308,Neil Taylor,Swansea,24,M(L),4(2),278,-,-,-,-,0.5,87.8,0.2,-,6.65,1.3,1,0.5,-,2,0.3,-,-,0.2,0.2,0.3,-,0.2,0.5,24.5,0.2,0.8,-,Premier League,2012/2013
309,Graham Dorrans,West Brom,26,M(CLR),21(5),1764,1,3,3,-,1.5,82.5,0.3,-,6.64,1.4,0.8,0.5,-,0.3,0.7,0.1,-,1.2,0.4,0.5,-,1.2,1.2,31,0.7,2.3,0.1,Premier League,2012/2013
310,George McCartney,West Ham,32,D(L),9(3),879,-,2,2,-,-,79.9,0.3,-,6.64,1.8,0.6,1,0.3,3.2,0.4,0.4,-,0.6,0.3,0.5,-,0.8,0.3,24.8,1,1.6,-,Premier League,2012/2013
311,Hugo Lloris,Tottenham,26,GK,27,2430,-,-,-,-,-,50.4,0.3,-,6.64,-,0.1,-,-,1.7,-,-,-,-,-,0.1,-,-,0.1,24.3,-,5.7,-,Premier League,2012/2013
312,James McClean,Sunderland,24,FW,24(12),2332,2,3,4,-,0.9,78.9,0.9,1,6.64,2.3,0.9,1.1,-,0.7,1,0.2,-,0.8,0.9,0.8,-,1.9,1.5,20.1,0.5,0.4,-,Premier League,2012/2013
313,Leon Britton,Swansea,31,M(C),30(3),2533,-,-,4,-,0.3,91.4,0.2,-,6.64,1.3,2,0.6,-,0.8,0.8,0.5,-,0.3,0.4,0.9,-,0.9,0.8,53.5,-,1.7,-,Premier League,2012/2013
314,Stanislav Manolev,Fulham,28,M(R),4(1),430,-,-,2,-,0.4,74.5,0.6,-,6.63,2,2.4,2.2,0.2,2.8,0.8,-,-,-,0.6,0.6,0.2,1.8,0.6,39.2,1,0.6,-,Premier League,2012/2013
315,Philippe Senderos,Fulham,28,D(C),18(3),1681,-,-,6,-,0.1,82.7,1.4,-,6.63,1.2,2,0.8,1,6.2,0.2,0.4,-,0.1,0.3,0.3,-,-,0.2,32,-,2.5,-,Premier League,2012/2013
316,Ashkan Dejagah,Fulham,27,M(LR),13(8),1193,-,1,3,-,0.6,80.6,0.8,-,6.63,1.8,1.5,1.2,-,0.2,1,0.1,-,1,0.8,1,0.2,1.5,1.1,22.3,0.3,0.4,-,Premier League,2012/2013
317,Kei Kamara,Norwich,29,FW,7(4),656,1,1,-,-,1.5,66.1,5,-,6.63,0.5,0.5,0.8,-,0.8,0.2,-,-,0.5,0.3,0.9,0.5,1,1.7,19.8,0.1,0.1,-,Premier League,2012/2013
318,Kenwyne Jones,Stoke,29,FW,10(16),1038,3,2,-,-,1.2,54.9,4.5,3,6.62,0.4,0.2,0.5,-,0.4,0.2,-,-,0.3,0.3,0.6,0.2,1,1,11,-,0.1,-,Premier League,2012/2013
319,Joe Allen,Liverpool,23,M(C),21(6),1920,-,-,2,-,0.3,89.7,0.4,-,6.62,2,1.8,1,-,0.7,1.1,0.2,-,0.8,0.4,1.1,-,1.2,0.7,51.7,-,3.9,-,Premier League,2012/2013
320,Charles N'Zogbia,Aston Villa,27,M(CR),11(10),994,2,4,1,-,1.1,80.3,0.5,2,6.62,0.9,0.6,1.1,-,0.2,0.3,-,-,1,1,1.4,-,2.9,0.9,17.9,0.7,0.1,0.2,Premier League,2012/2013
321,Jem Karacan,Reading,24,DMC,21,1608,1,1,2,-,0.7,80.2,0.5,-,6.62,2.4,1.3,0.7,-,1,0.8,0.2,-,0.5,-,1,-,0.6,0.5,31.2,0.1,2,-,Premier League,2012/2013
322,Artur Boruc,Southampton,33,GK,20,1756,-,-,1,-,-,55.4,0.1,2,6.61,-,0.2,-,-,0.6,0.1,-,-,-,0.1,0.3,-,-,-,26.9,-,7.4,-,Premier League,2012/2013
323,Nathan Dyer,Swansea,26,M(LR),25(12),2309,3,4,3,1,1.4,86.7,0.1,-,6.61,1.3,0.8,0.8,-,0.3,0.4,0.1,-,1,0.7,1.9,0.1,1.5,1.4,32.9,0.4,0.4,0.1,Premier League,2012/2013
324,Joe Hart,Man City,26,GK,38,3420,-,-,1,-,-,58.8,0.1,2,6.61,-,-,-,-,1,-,-,-,-,-,0.2,-,-,-,21.2,-,6.4,-,Premier League,2012/2013
325,Tal Ben Haim,QPR,31,D(C),2(1),196,-,-,-,-,0.3,80.2,2.3,-,6.61,2.3,0.7,0.3,-,5,0.3,-,-,0.7,-,0.3,-,0.3,0.3,30.3,0.3,2.7,-,Premier League,2012/2013
326,Park Ji-Sung,QPR,32,M(CLR),15(5),1345,-,3,1,-,0.6,84,0.4,-,6.60,2.6,1.3,0.7,0.1,0.5,0.7,0.2,-,1.2,0.3,1.4,-,1.5,0.9,30.4,0.2,1,-,Premier League,2012/2013
327,Demba Ba,Chelsea,28,FW,11(3),870,2,-,-,-,3.3,77.5,1.3,-,6.60,0.2,0.1,0.7,-,0.4,0.1,-,-,0.6,0.1,1.4,0.4,0.6,1.4,13.6,0.1,0.3,-,Premier League,2012/2013
328,Román Golobart,Wigan,21,Defender,2(1),213,-,-,1,-,0.7,71,0.7,-,6.60,2,2,0.7,1.3,3,0.3,-,-,-,0.3,1,-,-,-,31,-,2,-,Premier League,2012/2013
329,Matthew Jarvis,West Ham,27,M(LR),29(3),2565,2,-,-,-,0.8,74.8,0.6,-,6.60,0.7,0.5,0.3,-,0.9,0.6,-,-,1.4,0.5,0.8,0.2,1.3,0.9,18.5,1.9,0.4,-,Premier League,2012/2013
330,Shaun Derry,QPR,36,DMC,10(8),1080,-,-,3,-,0.2,80.5,0.8,-,6.59,2.4,1.3,0.6,-,1.9,1,0.5,-,0.3,-,0.1,-,0.3,0.3,26.4,-,2.8,-,Premier League,2012/2013
331,Vito Mannone,Arsenal,25,GK,9,810,-,-,-,-,-,57.6,0.4,-,6.59,-,-,-,-,0.4,-,-,-,-,-,0.1,-,-,-,24.9,-,8.4,-,Premier League,2012/2013
332,Charlie Adam,Stoke,28,M(C),22(5),1774,3,2,7,1,2,72,0.9,-,6.59,1.2,0.8,1.9,-,0.4,0.8,0.1,-,1.3,0.4,1.5,-,1.3,1.4,28.1,0.8,1.9,-,Premier League,2012/2013
333,Craig Dawson,West Brom,23,D(CR),1,90,-,-,-,-,-,74.1,4,-,6.59,-,-,-,-,4,1,5,-,-,-,-,-,-,1,27,-,3,-,Premier League,2012/2013
334,Papiss Cissé,Newcastle,28,FW,35(1),3006,8,2,6,-,2.4,75.9,1.3,-,6.59,1,0.7,1.7,-,0.6,0.4,0.1,-,0.9,0.3,0.5,1.3,2,1.9,23.2,0.2,0.5,0.1,Premier League,2012/2013
335,Jamie Carragher,Liverpool,35,D(C),16(8),1529,-,1,4,-,0.1,92,0.8,-,6.59,0.8,0.4,0.5,0.3,3.9,0.4,0.4,-,0.3,-,0.3,-,-,0.2,34.3,-,3.1,-,Premier League,2012/2013
336,Jonas Olsson,West Brom,30,D(C),36,3240,-,-,5,-,0.5,78.6,2.3,-,6.59,0.8,0.7,0.9,0.6,7.1,0.2,1,1,0.3,0.1,0.7,0.1,0.1,0.1,34.1,-,3.2,-,Premier League,2012/2013
337,Alan Tate,Swansea,31,Defender,2(1),162,-,-,-,-,-,90,3.7,-,6.58,1.3,0.3,0.7,0.3,8,0.3,1.3,-,0.3,-,-,-,0.3,-,16.7,-,1,-,Premier League,2012/2013
338,Nikica Jelavic,Everton,28,FW,26(11),2431,7,2,4,-,2.3,68.2,1.5,1,6.58,0.4,0.1,1.1,-,0.8,0.4,0.1,-,0.7,0.2,0.9,1.2,1,1.2,13.2,0.2,0.1,-,Premier League,2012/2013
339,Yossi Benayoun,West Ham,33,M(R),4(2),314,-,1,1,-,0.5,74.5,0.2,-,6.58,1.7,1,0.8,-,1.3,0.7,0.3,-,0.5,0.2,0.5,0.2,0.8,1,17,0.3,0.2,-,Premier League,2012/2013
340,Jack Rodwell,Man City,22,M(C),6(5),497,2,-,2,-,1.3,90.1,1.1,1,6.58,0.7,0.6,1,-,1.1,0.3,0.3,-,0.1,0.3,0.1,-,0.2,0.4,23.8,-,1.1,-,Premier League,2012/2013
341,Paulo Gazzaniga,Southampton,21,GK,9,810,-,-,-,-,-,53.3,0.3,-,6.58,0.1,-,-,-,0.7,-,-,-,0.1,-,-,-,-,-,26.9,-,9.6,-,Premier League,2012/2013
342,Andy Wilkinson,Stoke,29,D(LR),19(5),1730,-,-,6,-,0.3,67.1,1.3,-,6.58,2.1,1.6,1.1,0.2,3.7,1,0.2,1,0.3,0.3,0.7,-,0.4,0.7,18.9,0.2,1.3,-,Premier League,2012/2013
343,Phil Neville,Everton,36,M(C),18,1553,-,1,4,-,0.2,86.8,0.9,-,6.57,1.2,1.5,1.3,0.1,1.4,0.4,0.3,-,0.4,0.1,0.3,-,0.4,0.6,44.9,0.1,2.4,-,Premier League,2012/2013
344,Eyong Enoh,Fulham,27,DMC,8(1),693,-,-,3,-,0.3,88.7,0.6,-,6.57,2.7,2.2,2.2,-,1.1,2.3,0.3,-,0.4,0.1,1.2,-,1.6,0.6,38.3,-,2,-,Premier League,2012/2013
345,Hope Akpan,Reading,22,DMC,6(3),471,-,3,-,-,0.9,70.9,0.9,-,6.57,1.1,0.9,0.8,-,1.3,-,0.1,-,0.7,0.7,0.3,0.1,0.4,0.3,20.2,0.1,0.8,0.1,Premier League,2012/2013
346,Jermaine Jenas,QPR,30,M(C),8(4),809,2,-,1,-,1,83.7,0.2,-,6.57,1.4,1.7,0.8,-,0.8,0.3,0.5,-,0.5,0.4,0.3,-,0.3,0.8,35.3,0.2,3,-,Premier League,2012/2013
347,Thomas Hitzlsperger,Everton,31,AM(C),4(3),349,-,-,-,-,1.4,77.9,0.3,-,6.57,0.7,1,0.4,-,1.1,0.7,-,-,1.3,0.3,-,-,0.4,0.1,28.4,1,1.7,-,Premier League,2012/2013
348,Stephen Kelly,Reading,30,D(LR),16,1424,-,-,2,-,0.3,71.2,1.4,-,6.56,1.4,2.2,0.6,0.3,4.3,0.6,0.6,-,0.4,0.1,0.4,0.1,0.3,0.6,28.7,0.3,1,-,Premier League,2012/2013
349,Victor Moses,Chelsea,23,M(CLR),12(11),1125,1,1,-,-,1.1,81.9,0.4,1,6.56,1,0.4,0.6,-,0.3,0.2,-,-,1,0.7,0.7,0.3,0.8,1,18,0.2,0.3,-,Premier League,2012/2013
350,James Perch,Newcastle,28,M(R),19(8),1820,1,-,9,-,0.4,88.8,1.8,1,6.56,1.5,1.2,0.7,-,3.9,0.6,0.4,1,0.4,-,0.6,-,0.3,0.4,29.7,-,2.4,-,Premier League,2012/2013
351,Shaun Cummings,Reading,24,D(LR),9,810,-,-,1,-,-,67.7,0.9,-,6.56,2.3,1.9,0.2,0.2,3.4,0.2,0.7,-,0.4,0.3,0.4,-,0.9,0.2,35.1,0.4,1.1,-,Premier League,2012/2013
352,Jonny Howson,Norwich,25,M(CLR),22(8),2042,2,1,2,-,0.5,80.5,0.7,1,6.56,1.7,1.3,0.7,-,0.9,0.6,0.3,-,0.6,0.5,0.5,-,0.9,0.6,33.2,0.1,2.3,-,Premier League,2012/2013
353,Shaun Wright-Phillips,QPR,32,M(LR),14(6),1250,1,1,-,-,1.5,76.9,0.3,-,6.55,1.3,0.8,0.5,-,0.7,0.4,0.1,-,0.5,1.1,0.9,0.3,0.6,1.2,15.4,0.2,0.3,-,Premier League,2012/2013
354,Danny Simpson,Newcastle,26,D(R),18(1),1525,-,-,3,-,0.3,82.9,0.3,-,6.55,1.8,0.6,0.9,0.2,4.9,0.3,0.1,-,0.7,0.3,0.3,0.1,0.8,0.2,26.5,0.7,2.3,-,Premier League,2012/2013
355,Goran Popov,West Brom,29,D(L),10(2),887,-,1,1,1,0.6,76.9,1.9,-,6.55,1.8,0.7,1.1,0.3,2.8,0.5,0.2,-,0.3,0.5,0.5,-,0.9,0.3,31.4,0.5,1.6,-,Premier League,2012/2013
356,Javier Garrido,Norwich,28,D(CL),34,3039,-,2,4,-,0.1,75.4,0.4,-,6.54,1.6,1.1,0.6,0.2,2.9,0.7,0.3,-,0.6,0.1,0.2,-,0.3,0.3,31.3,0.6,1.9,-,Premier League,2012/2013
357,Adam Federici,Reading,28,GK,21,1890,-,-,-,-,-,39,0.4,-,6.54,-,-,-,-,1.1,0.1,-,-,-,-,-,-,-,-,29.2,-,10.4,-,Premier League,2012/2013
358,Enda Stevens,Aston Villa,23,M(L),6(1),470,-,-,1,-,0.1,76.7,0.9,-,6.53,2,1.4,0.9,0.4,4.3,1.4,0.1,-,0.3,0.3,0.7,-,0.6,0.3,19,0.6,0.7,-,Premier League,2012/2013
359,Gylfi Sigurdsson,Tottenham,24,FW,12(21),1221,3,4,-,-,1.6,80.6,0.2,1,6.53,0.8,1.1,0.5,-,0.4,0.5,-,-,0.8,0.2,0.5,-,0.8,0.7,13.1,0.5,0.3,-,Premier League,2012/2013
360,Franco Di Santo,Wigan,24,FW,24(11),2136,5,2,5,-,1.9,72.9,0.7,1,6.53,0.6,0.3,1.3,-,0.4,0.2,0.1,-,0.7,0.5,1.3,0.3,1.3,1.6,17.2,0.2,0.7,0.1,Premier League,2012/2013
361,David Jones,Wigan,29,M(C),8(5),809,-,-,1,-,0.8,91.1,0.5,-,6.52,1.5,2.1,0.8,0.1,1.1,0.6,-,-,0.4,0.3,0.3,-,0.7,0.4,45.9,0.1,2.5,-,Premier League,2012/2013
362,Younes Kaboul,Tottenham,27,D(C),1,90,-,-,-,-,1,93.1,2,-,6.52,1,1,-,-,10,-,-,-,1,-,-,1,-,-,29,-,3,-,Premier League,2012/2013
363,Hal Robson-Kanu,Reading,24,FW,13(12),1275,7,1,-,-,1.5,73.9,1,-,6.52,0.4,0.8,1.1,-,0.6,0.3,-,-,0.6,0.3,1.2,0.1,1.8,1.1,13.2,0.7,0.4,-,Premier League,2012/2013
364,Matthew Kilgallon,Sunderland,29,D(CL),6,512,-,-,1,-,0.7,81.9,1.7,-,6.52,1,1.8,0.5,0.8,4.2,0.7,1,1,-,-,0.2,-,0.2,-,29.5,-,0.7,-,Premier League,2012/2013
365,Urby Emanuelson,Fulham,27,M(CLR),5(8),644,1,-,1,-,0.8,80.5,0.2,-,6.52,1.5,0.8,0.9,0.1,0.8,0.5,0.1,-,0.5,0.9,0.5,0.2,0.8,0.8,20.2,0.3,1.2,0.1,Premier League,2012/2013
366,Michael Kightly,Stoke,27,M(LR),14(8),1198,3,1,2,-,1.2,73.6,0.2,1,6.52,1.1,0.6,0.6,-,0.3,0.5,-,-,0.5,0.5,0.8,0.2,0.7,1.5,12.5,0.7,0.4,-,Premier League,2012/2013
367,Paul Scholes,Man Utd,39,M(C),8(8),769,1,1,7,-,0.8,92.4,0.2,-,6.51,1.7,0.4,1.3,-,0.3,0.5,0.1,-,0.5,0.1,0.7,-,0.6,0.1,53.5,-,7.9,-,Premier League,2012/2013
368,Callum McManaman,Wigan,22,FW,8(12),639,2,-,-,-,0.7,83.6,0.1,-,6.51,1.1,0.4,0.5,-,0.5,0.3,0.1,-,0.3,0.9,0.4,0.1,0.5,0.7,9.5,0.1,0.3,0.1,Premier League,2012/2013
369,Kieran Richardson,Fulham,29,M(CL),12(2),826,1,-,2,-,0.8,85.4,0.4,-,6.51,1.3,1.4,0.9,0.3,1.6,0.3,0.1,-,0.5,0.2,0.6,-,0.7,0.7,24.5,0.3,1.1,-,Premier League,2012/2013
370,Emmanuel Frimpong,Fulham,21,M(C),2(4),220,-,1,1,-,0.3,87.4,0.2,-,6.51,1.8,0.7,1.3,-,1.5,0.8,0.7,-,0.2,-,0.5,-,1,0.5,19.8,-,1.7,0.2,Premier League,2012/2013
371,Ryan Taylor,Newcastle,29,DMC,0(1),26,-,-,-,-,-,87.5,-,-,6.51,-,2,-,-,1,1,-,-,2,-,-,-,-,1,16,1,1,-,Premier League,2012/2013
372,Darren Bent,Aston Villa,29,FW,8(8),806,3,-,1,-,1.2,70.6,1.8,-,6.51,0.1,0.5,0.4,-,0.8,0.3,0.1,-,0.9,-,0.3,0.6,0.7,0.6,11.1,-,0.2,-,Premier League,2012/2013
373,Junior Hoilett,QPR,23,FW,15(11),1450,2,1,1,-,1.3,75.4,0.5,1,6.51,1.3,0.7,0.8,-,0.1,0.6,-,-,0.7,1.3,0.7,0.3,1.5,1.5,17.3,0.3,0.5,0.1,Premier League,2012/2013
374,Massadio Haïdara,Newcastle,21,M(L),2(2),197,-,-,-,-,-,91.4,1.5,-,6.50,1,1,1,0.5,4.3,1,0.3,-,0.5,1,0.5,-,0.5,0.8,14.5,0.5,-,-,Premier League,2012/2013
375,Kelvin Davis,Southampton,37,GK,9(1),855,-,-,-,-,-,62.3,-,-,6.50,-,-,-,-,1.2,-,-,-,-,-,-,-,-,-,28.9,-,9.3,-,Premier League,2012/2013
376,Lewis Holtby,Tottenham,23,M(CLR),4(7),508,-,2,2,-,0.9,84.3,0.3,-,6.50,1.3,1.1,1.4,-,0.2,0.7,-,-,1.2,0.2,0.3,-,1.1,0.7,31.9,0.1,2.3,0.3,Premier League,2012/2013
377,Marouane Chamakh,West Ham,29,FW,2(1),151,-,-,-,-,1.7,64.2,5.3,-,6.50,1,-,-,-,-,0.3,-,-,1.3,0.3,0.7,-,2,2,22.3,-,0.3,-,Premier League,2012/2013
378,Jordi Gómez,Wigan,28,M(CLR),17(15),1515,3,1,4,1,1.8,85.5,0.3,1,6.49,0.8,0.9,0.5,-,0.4,0.4,-,-,1.2,0.2,1,0.3,0.9,0.9,27.5,0.3,1.3,0.3,Premier League,2012/2013
379,Leon Barnett,Norwich,28,D(C),6(2),562,-,1,1,-,0.1,72.4,2.8,-,6.49,1,0.9,0.5,1.3,6.8,-,0.6,1,0.3,0.1,0.1,-,-,0.4,19.5,-,0.5,-,Premier League,2012/2013
380,Oriol Romeu,Chelsea,22,DMC,4(2),237,-,-,1,-,1,89.3,1,-,6.49,1,1.3,0.5,-,0.7,1,0.2,-,0.2,-,0.7,-,0.2,0.3,34.2,-,4.3,-,Premier League,2012/2013
381,Raul Meireles,Chelsea,30,M(C),1(2),100,-,-,-,-,0.7,85.9,-,-,6.49,0.3,1,1.3,-,1.3,0.7,-,-,0.3,-,1,0.3,-,-,23.7,0.3,2.7,-,Premier League,2012/2013
382,Chris Gunter,Reading,24,M(R),20,1790,-,-,1,-,0.1,69.7,0.6,-,6.48,1.1,1,0.6,0.4,4.2,0.3,0.4,-,0.5,0.2,0.9,0.1,0.2,0.4,30.5,0.8,1.8,-,Premier League,2012/2013
383,Ross Barkley,Everton,20,M(CLR),2(5),206,-,-,2,-,1,79.2,1.3,-,6.48,1.3,0.6,0.3,-,0.7,0.3,0.3,-,0.3,0.6,0.1,-,1,0.6,14.4,-,0.6,0.1,Premier League,2012/2013
384,Ryan Bertrand,Chelsea,24,M(L),14(5),1280,-,-,1,-,0.4,84.4,0.6,-,6.48,1.2,0.5,0.7,0.2,1.3,0.2,0.1,-,0.6,0.3,0.7,0.1,0.6,0.7,24.9,0.3,0.9,-,Premier League,2012/2013
385,Gary Caldwell,Wigan,31,D(C),25,2089,1,1,9,-,0.3,82.3,1,-,6.48,1,1.9,1.2,0.8,4.6,0.4,0.9,1,0.4,0.1,0.4,-,0.1,0.2,43,-,4.8,-,Premier League,2012/2013
386,Karim El Ahmadi,Aston Villa,28,DMC,12(8),1169,1,-,5,-,0.6,85.2,0.4,-,6.48,1.6,1.7,1.5,-,0.4,1,0.2,-,0.7,0.3,0.4,-,1,0.3,30.8,0.2,1.3,-,Premier League,2012/2013
387,Elliott Bennett,Norwich,25,M(CLR),9(15),936,1,3,3,-,0.6,74.3,0.3,1,6.47,1.4,0.7,0.4,-,0.5,0.4,0.1,-,0.6,0.5,0.7,0.1,0.6,0.8,10,0.7,0.2,-,Premier League,2012/2013
388,Garath McCleary,Reading,26,FW,15(16),1572,3,2,-,-,1.1,70.1,0.6,-,6.47,0.9,0.6,0.4,-,0.2,0.3,-,-,0.8,0.4,0.7,-,1,0.6,14.8,0.7,0.5,-,Premier League,2012/2013
389,Martin Kelly,Liverpool,23,D(CLR),4,336,-,-,-,-,0.5,85.7,2,-,6.47,3.3,1,1.8,-,3.8,0.5,0.3,-,-,0.8,0.5,-,1.5,1.8,43.8,-,0.3,-,Premier League,2012/2013
390,Suso,Liverpool,20,FW,8(6),606,-,-,-,-,1.4,84.9,0.1,-,6.47,0.8,0.4,0.9,-,0.1,0.4,-,-,0.6,0.8,0.5,-,0.8,0.9,21.3,0.1,0.7,0.1,Premier League,2012/2013
391,Brett Holman,Aston Villa,29,M(CR),16(11),1429,1,3,1,-,1.1,73.8,0.1,-,6.47,1.9,0.8,0.8,-,0.3,0.8,-,-,0.9,0.4,0.4,0.1,1.5,0.6,20.3,0.3,0.5,0.1,Premier League,2012/2013
392,Adam Le Fondre,Reading,27,FW,11(23),1491,12,1,3,-,1.6,72.4,0.7,1,6.46,0.3,0.3,0.4,-,0.2,-,-,-,0.3,0.1,0.6,0.3,0.8,0.9,7.7,0.2,0.1,-,Premier League,2012/2013
393,Ronnie Stam,Wigan,29,M(R),11(6),1009,-,-,-,-,0.4,84.1,0.2,-,6.46,1.2,1.1,0.8,-,0.8,0.7,-,-,0.4,1.4,0.5,0.1,0.7,1,22.2,0.5,0.9,-,Premier League,2012/2013
394,John Heitinga,Everton,30,D(C),17(9),1603,-,-,5,-,0.3,82.8,0.9,-,6.46,0.7,1.5,0.7,0.8,3.6,0.1,0.5,-,0.2,-,0.5,-,-,-,23.5,-,3.6,-,Premier League,2012/2013
395,Hugo Rodallega,Fulham,28,FW,14(15),1510,3,1,-,-,2.1,76.7,1.3,1,6.46,0.2,0.3,0.7,-,0.4,0.2,-,-,0.8,0.1,0.7,0.1,0.9,1.1,16.6,-,0.3,-,Premier League,2012/2013
396,Matthew Taylor,West Ham,32,M(CLR),14(14),1370,1,2,2,-,1.2,70.2,0.8,-,6.45,0.8,0.5,0.4,-,1.5,0.4,0.3,-,0.8,0.1,0.4,0.2,0.8,1,16.6,1.1,1,-,Premier League,2012/2013
397,Victor Moses,Wigan,23,M(CLR),1,90,-,-,-,-,2,90.3,-,-,6.45,-,-,-,-,-,-,-,-,-,4,3,-,1,4,31,-,1,-,Premier League,2012/2013
398,Jonjo Shelvey,Liverpool,21,M(C),9(10),918,1,-,3,1,1.8,81.7,0.5,-,6.45,1.2,0.3,0.7,-,0.6,0.4,-,-,0.7,0.2,0.2,0.3,0.7,0.7,25.1,0.3,2.1,-,Premier League,2012/2013
399,Danny Graham,Swansea,28,FW,10(8),899,3,1,-,-,1.7,78.2,0.3,-,6.45,0.1,-,0.1,-,0.7,0.1,0.1,-,0.3,-,0.2,0.4,0.6,0.6,9.7,0.2,0.3,0.1,Premier League,2012/2013
400,Luke Moore,Swansea,27,FW,4(13),529,3,2,-,-,1.2,79.9,0.6,-,6.44,0.1,0.1,0.7,0.1,0.3,0.1,-,-,0.5,0.2,0.4,0.4,0.6,0.4,10.2,-,0.1,0.2,Premier League,2012/2013
401,Vurnon Anita,Newcastle,24,M(R),17(8),1730,-,1,2,-,0.6,82.2,0.2,-,6.44,1.4,0.8,0.8,-,1.2,0.5,0.1,-,1.4,0.2,0.6,0.1,0.6,1,32.4,0.9,2.3,0.2,Premier League,2012/2013
402,Stephen Ireland,Aston Villa,27,M(C),9(4),783,-,1,1,-,0.8,78.8,0.2,-,6.44,2.2,1,1.5,-,0.6,0.7,0.2,-,0.8,0.2,0.8,0.2,1.4,1.2,27.6,0.3,1.5,0.2,Premier League,2012/2013
403,Daniel Fox,Southampton,27,D(CL),14(6),1217,1,1,3,1,0.4,74.5,1.2,-,6.43,1.4,1.5,0.6,0.1,3,0.4,0.3,-,0.9,0.2,0.4,-,0.4,0.2,32.3,0.9,2,-,Premier League,2012/2013
404,Dean Whitehead,Stoke,31,DMC,12(14),1388,1,-,9,1,0.2,83.6,0.6,-,6.43,1.2,1.5,1.1,-,1.1,0.5,0.5,-,0.3,0.1,0.6,-,0.3,0.5,24.3,0.2,1.7,-,Premier League,2012/2013
405,Harry Kane,Norwich,20,FW,1(2),135,-,-,-,-,1.3,74.3,1.3,-,6.43,0.7,0.7,1.3,-,0.7,-,0.3,-,0.3,0.7,1.3,0.3,2.3,0.7,11.7,-,0.7,-,Premier League,2012/2013
406,Frazer Richardson,Southampton,31,D(R),2(3),167,-,-,-,-,-,72.6,0.2,-,6.42,1,1,0.2,-,2.2,0.6,-,-,0.2,-,0.2,-,0.4,0.6,14.6,0.2,0.4,-,Premier League,2012/2013
407,Mladen Petric,Fulham,32,FW,9(14),879,5,1,-,-,1.5,80.6,0.6,1,6.42,0.4,0.3,0.7,-,0.4,0.3,-,-,0.2,0.1,0.9,0.3,1,1.3,11.2,-,0.3,-,Premier League,2012/2013
408,Carlton Cole,West Ham,30,FW,14(13),1360,2,1,2,1,1.3,59.6,3.9,1,6.41,0.1,0.1,1.5,-,1,0.1,0.1,-,0.4,0.1,0.6,0.3,1.7,1.3,15.9,0.1,0.1,-,Premier League,2012/2013
409,Mark Bunn,Norwich,29,GK,22(1),1854,-,-,2,1,-,37.7,-,-,6.41,-,-,0.1,-,1,-,-,1,-,-,0.3,-,-,-,27.6,-,9.3,-,Premier League,2012/2013
410,Pavel Pogrebnyak,Reading,30,FW,26(3),2035,5,-,4,1,1.1,67.8,2.9,-,6.41,0.7,0.2,1.6,-,0.9,0.6,-,-,0.5,0.3,1.7,0.8,1.9,1.4,18.9,0.1,0.3,-,Premier League,2012/2013
411,Steve De Ridder,Southampton,26,FW,0(4),48,-,-,1,-,-,82.4,-,-,6.41,0.8,0.5,0.5,-,0.3,0.5,-,-,0.3,1,1.5,0.3,0.3,-,4.3,0.5,0.3,-,Premier League,2012/2013
412,Bobby Zamora,QPR,32,FW,16(5),1313,4,1,1,1,1.1,73.5,2.2,-,6.41,0.3,0.2,0.8,-,0.4,0.3,0.2,-,1.1,0.1,0.9,0.9,1.1,1.4,22.8,-,0.8,-,Premier League,2012/2013
413,Steven Naismith,Everton,27,FW,13(18),1280,4,1,-,-,0.6,76.2,1,-,6.41,0.9,0.3,0.8,-,0.7,0.5,0.1,-,0.6,-,0.7,0.1,0.3,0.7,14.5,0.1,0.2,-,Premier League,2012/2013
414,Jason Roberts,Reading,35,FW,8(3),709,-,1,2,-,0.9,70.7,0.6,-,6.40,0.3,0.3,1.1,-,0.2,-,0.1,-,0.6,1,2.1,0.6,2.1,2.3,12.1,0.3,0.1,-,Premier League,2012/2013
415,Gaël Bigirimana,Newcastle,20,DMC,3(10),408,1,-,1,-,0.4,87.2,0.5,-,6.40,1.2,0.3,0.3,-,0.8,0.5,0.2,-,0.7,-,0.3,-,0.5,0.5,20.4,0.2,2.8,-,Premier League,2012/2013
416,Cameron Jerome,Stoke,27,FW,8(18),1110,3,3,3,-,1,72,1.2,1,6.39,0.7,0.2,1.1,-,0.2,0.2,0.1,-,0.6,0.3,0.5,0.5,0.9,1.6,9.3,0.1,-,-,Premier League,2012/2013
417,Brad Friedel,Tottenham,42,GK,11,990,-,-,-,-,-,51.6,-,-,6.39,-,-,-,-,0.6,-,-,-,-,-,-,-,-,0.1,29.3,-,6.9,-,Premier League,2012/2013
418,Daniel Sturridge,Chelsea,24,FW,1(6),161,1,-,-,-,1.3,85.9,-,-,6.39,-,0.4,-,-,-,-,-,-,0.3,0.9,0.3,0.3,0.3,0.6,10.1,-,1,-,Premier League,2012/2013
419,Marc-Antoine Fortuné,West Brom,32,FW,9(12),820,2,2,2,1,0.7,74.9,0.5,-,6.39,0.9,0.2,0.9,-,0.1,0.2,-,-,0.2,0.5,1.2,0.3,1.3,1.1,11,0.1,0.1,-,Premier League,2012/2013
420,Pajtim Kasami,Fulham,21,M(CLR),0(2),22,-,-,-,-,1,88.2,-,-,6.39,1,0.5,-,-,-,-,-,-,-,-,-,-,0.5,0.5,8.5,-,0.5,-,Premier League,2012/2013
421,Danny Graham,Sunderland,28,FW,11(2),940,-,1,-,-,1.2,64.8,2,-,6.38,0.2,0.2,0.5,-,0.5,0.1,0.1,-,0.5,0.1,0.4,0.7,0.7,1.1,14.8,0.1,0.5,-,Premier League,2012/2013
422,Marc Albrighton,Aston Villa,24,M(LR),4(5),429,-,-,-,-,0.6,59,0.1,-,6.38,0.8,1.1,0.4,-,0.4,0.6,-,-,1.4,0.7,0.2,0.1,0.9,1.1,13,1.1,1,-,Premier League,2012/2013
423,Phil Bardsley,Sunderland,28,D(LR),11(7),986,1,-,5,-,0.4,77.6,0.9,-,6.37,1.3,0.5,0.8,0.2,2.4,0.2,0.4,-,0.3,0.3,0.4,-,0.2,0.2,24.6,0.3,1.6,-,Premier League,2012/2013
424,Djibril Cissé,QPR,32,FW,12(6),1108,3,-,-,-,2.6,69.9,0.8,-,6.37,0.2,0.1,0.6,-,0.2,0.2,0.1,-,0.9,0.2,0.4,0.9,0.8,0.7,12.6,0.3,0.4,-,Premier League,2012/2013
425,Shola Ameobi,Newcastle,32,FW,4(19),678,1,1,5,-,1.2,71.7,2.2,1,6.36,0.2,-,1,-,0.6,0.1,-,-,0.7,0.3,0.5,0.3,0.6,0.9,10.6,0.3,0.4,0.1,Premier League,2012/2013
426,Sebastián Coates,Liverpool,23,D(C),2(3),233,-,-,-,-,-,90.1,0.6,-,6.36,1.2,0.8,0.8,0.6,2.6,0.4,0.2,-,-,0.4,-,-,0.2,0.2,20.2,-,2,-,Premier League,2012/2013
427,Fabio Borini,Liverpool,22,FW,5(8),510,1,-,1,-,1.3,79.4,0.1,-,6.36,0.9,0.5,0.5,-,0.2,0.2,-,-,0.5,0.3,0.2,0.1,1.5,0.2,13.5,0.1,0.2,0.1,Premier League,2012/2013
428,Sammy Ameobi,Newcastle,21,FW,1(7),219,-,1,1,-,1.1,78.2,0.4,-,6.36,0.8,0.5,0.8,-,0.3,0.1,-,-,0.4,1.1,0.6,-,1,0.9,9.8,0.1,0.1,0.1,Premier League,2012/2013
429,Nathan Aké,Chelsea,18,DMC,1(2),92,-,-,-,-,0.3,82.4,0.3,-,6.36,1,0.7,-,-,0.3,-,0.7,-,0.3,-,-,-,0.3,-,17,-,1.3,-,Premier League,2012/2013
430,George Thorne,West Brom,20,DMC,3(2),230,-,-,-,-,0.2,79.2,0.8,-,6.36,1.6,0.2,0.2,-,2.6,-,0.4,-,0.4,0.4,0.6,-,0.8,0.4,26,0.4,1.2,-,Premier League,2012/2013
431,David Vaughan,Sunderland,30,M(C),6(18),719,1,-,1,1,0.3,88.8,0.3,-,6.35,1.3,0.9,0.6,-,0.6,0.4,0.2,1,0.2,0.2,0.5,-,0.4,0.3,16.3,0.1,0.8,-,Premier League,2012/2013
432,Francis Coquelin,Arsenal,22,M(CLR),3(8),223,-,-,-,-,0.1,87.3,0.3,-,6.35,1,1.2,0.3,-,0.3,0.3,0.1,-,0.1,0.3,0.5,-,0.8,0.1,14.3,0.1,0.3,-,Premier League,2012/2013
433,Kerim Frei,Fulham,20,AM(LR),2(5),231,-,-,-,-,0.4,88.5,0.1,-,6.35,1.1,0.9,0.1,-,-,0.4,-,-,0.6,0.9,1.1,-,1.1,1,11.1,0.1,0.1,-,Premier League,2012/2013
434,Robert Green,QPR,33,GK,14(2),1321,-,-,-,-,-,35.5,0.1,-,6.35,-,-,0.1,-,1.3,-,-,1,-,-,0.3,-,-,-,24.8,-,6.8,-,Premier League,2012/2013
435,Marko Marin,Chelsea,24,M(CLR),2(4),143,1,1,2,-,1,80.5,-,-,6.35,0.5,0.5,0.5,-,0.3,0.2,-,-,0.8,0.3,0.2,0.2,0.3,1.2,6.8,1.3,0.3,-,Premier League,2012/2013
436,David Meyler,Sunderland,24,M(LR),0(3),63,-,-,-,-,-,81.5,0.3,-,6.35,1,1,-,-,0.7,0.3,-,-,-,-,1.3,-,0.3,-,9,-,1.7,-,Premier League,2012/2013
437,Mario Balotelli,Man City,23,FW,7(7),589,1,-,2,-,2.4,80.2,0.4,1,6.35,0.6,0.4,1.3,-,0.4,0.1,0.1,-,0.6,0.6,1.4,0.2,1.3,1.2,13,0.1,0.4,0.1,Premier League,2012/2013
438,Alou Diarra,West Ham,32,M(C),1(2),138,-,-,1,-,0.7,80,2,-,6.34,2,0.3,1.3,0.3,2,1,0.7,-,-,0.3,0.3,-,1,-,21.7,-,0.7,-,Premier League,2012/2013
439,Matthew Etherington,Stoke,32,M(L),21(10),1724,-,-,2,-,0.3,81.4,0.1,-,6.34,0.6,0.5,0.3,-,0.4,0.4,0.1,-,1,0.6,0.5,0.1,1.1,0.7,13.9,1.1,0.5,-,Premier League,2012/2013
440,Shane Ferguson,Newcastle,22,M(L),4(5),342,-,1,-,-,0.1,90.4,0.1,-,6.32,1.3,0.2,0.6,0.1,0.6,0.1,-,-,0.8,0.3,0.1,-,0.4,0.3,12.7,0.8,0.3,-,Premier League,2012/2013
441,Lee Camp,Norwich,29,GK,1(2),222,-,-,1,-,-,43.5,-,-,6.32,-,-,-,-,0.3,-,-,-,-,-,-,-,-,-,20.7,-,9,-,Premier League,2012/2013
442,Modibo Maiga,West Ham,26,FW,2(15),410,2,2,2,-,0.8,71.9,0.6,-,6.32,0.5,0.1,0.6,-,0.2,0.1,-,-,0.5,0.2,0.1,0.2,0.9,0.6,9,0.2,0.1,-,Premier League,2012/2013
443,Robert Elliot,Newcastle,27,GK,9(1),834,-,1,-,1,-,37.3,0.4,-,6.32,-,-,0.1,-,2.1,-,-,-,0.1,-,-,-,-,-,28.7,-,8.7,-,Premier League,2012/2013
444,Guly do Prado,Southampton,31,FW,8(10),758,-,1,-,-,0.9,84.3,0.4,-,6.32,0.9,0.8,0.9,-,0.7,0.3,-,1,0.5,0.3,0.4,0.2,0.8,0.7,14.9,0.6,0.2,-,Premier League,2012/2013
445,Gabriel Obertan,Newcastle,24,FW,4(10),407,-,2,-,-,0.4,78.6,0.3,-,6.31,0.9,0.1,0.1,-,0.6,0.3,-,-,0.4,0.4,0.1,-,0.4,0.6,11,0.3,0.2,-,Premier League,2012/2013
446,Ross Turnbull,Chelsea,28,GK,2(1),225,-,-,-,-,-,62.1,0.3,-,6.31,-,-,-,-,0.3,-,-,-,-,-,-,-,-,-,19.3,-,4.3,-,Premier League,2012/2013
447,Jack Collison,West Ham,25,M(C),5(12),629,2,-,2,-,0.6,78,0.2,-,6.30,0.4,0.2,0.6,-,1,0.4,-,-,0.6,0.2,0.2,0.1,0.4,0.4,13.6,0.2,0.4,-,Premier League,2012/2013
448,James Ward-Prowse,Southampton,19,M(CR),4(11),483,-,-,-,-,0.5,85.3,0.4,-,6.30,0.6,0.9,0.2,-,0.7,0.3,0.3,-,0.7,0.2,0.3,-,0.4,0.2,20.8,0.3,0.8,0.1,Premier League,2012/2013
449,Noel Hunt,Reading,30,FW,10(14),952,2,-,4,-,0.8,61.1,2.5,-,6.30,0.4,0.4,1.1,-,0.8,0.3,-,-,0.4,0.1,0.7,0.6,1.3,1,12.2,0.2,0.3,-,Premier League,2012/2013
450,Jerome Thomas,West Brom,30,M(L),4(6),402,-,-,-,-,0.3,83.5,0.1,-,6.30,0.8,0.6,0.5,-,-,0.2,-,-,0.7,0.5,0.9,0.1,0.7,0.7,12.7,0.5,-,-,Premier League,2012/2013
451,Joel Robles,Wigan,23,GK,9,810,-,-,-,-,-,55.8,0.3,-,6.30,-,-,0.1,-,1.3,-,-,-,-,-,-,-,-,-,25.7,0.1,7.4,-,Premier League,2012/2013
452,Andy Carroll,Liverpool,24,FW,0(2),18,-,-,1,-,1,62.5,1.5,-,6.30,0.5,0.5,1,-,-,-,0.5,-,-,-,-,-,-,-,4,-,-,-,Premier League,2012/2013
453,Jamie Mackie,QPR,28,FW,17(12),1702,2,-,2,-,1,77.7,0.6,-,6.28,0.9,0.4,0.9,-,0.6,0.5,-,-,0.4,0.6,0.8,0.8,1,1.8,13.8,0.1,0.2,-,Premier League,2012/2013
454,Tom Carroll,Tottenham,21,M(CL),0(7),79,-,1,-,-,0.1,84,-,-,6.28,0.9,0.3,0.3,-,0.1,0.1,-,-,0.1,0.3,0.1,-,-,0.1,14.3,-,1.1,-,Premier League,2012/2013
455,Fraser Fyvie,Wigan,20,Midfielder,0(1),21,-,-,-,-,-,90,-,-,6.28,1,1,-,-,-,-,-,-,-,-,-,-,-,-,20,-,1,-,Premier League,2012/2013
456,Kemy Agustien,Swansea,27,DMC,4(14),564,-,1,2,-,0.2,78.9,0.2,-,6.28,0.7,0.9,0.6,-,0.8,0.2,0.2,-,0.3,0.2,0.3,0.1,0.4,0.3,20,0.1,2.3,-,Premier League,2012/2013
457,Gabriel Tamas,West Brom,30,D(CR),7(4),631,-,-,3,-,0.2,72.6,0.6,-,6.27,1.4,0.5,0.9,-,4.1,0.7,0.5,-,0.4,-,0.5,-,0.2,0.5,21.9,0.3,2.5,0.1,Premier League,2012/2013
458,Anders Lindegaard,Man Utd,29,GK,10,900,-,-,-,-,-,72,-,-,6.27,-,-,-,-,0.8,-,-,-,0.1,-,-,-,-,0.1,21.8,-,4.4,-,Premier League,2012/2013
459,Derrick Williams,Aston Villa,20,M(L),0(1),24,-,-,-,-,-,100,-,-,6.27,2,-,-,-,-,1,-,-,-,-,-,-,-,-,6,1,-,-,Premier League,2012/2013
460,Ali Al Habsi,Wigan,31,GK,29,2610,-,-,-,-,-,65,0.1,1,6.27,-,-,-,-,1.2,-,-,1,-,-,0.1,-,-,-,23,-,7.7,-,Premier League,2012/2013
461,Daniel Carriço,Reading,25,DMC,1(2),86,-,-,-,-,0.3,70.5,-,-,6.27,1.3,1,1.3,-,1,0.3,-,-,-,-,0.3,-,0.7,0.7,14.7,-,0.7,-,Premier League,2012/2013
462,Brek Shea,Stoke,23,M(LR),0(2),89,-,-,-,-,0.5,53.8,1.5,-,6.27,1.5,0.5,1.5,-,0.5,0.5,-,-,0.5,-,-,-,2.5,0.5,13,0.5,0.5,-,Premier League,2012/2013
463,Andros Townsend,Tottenham,22,FW,0(5),29,-,-,-,-,0.4,100,-,-,6.26,0.2,0.2,-,-,0.2,0.4,-,-,1,0.6,0.6,-,0.2,-,3.8,0.2,-,-,Premier League,2012/2013
464,Connor Wickham,Sunderland,20,FW,3(9),451,-,-,-,-,1.1,63,1.7,-,6.26,0.6,0.3,0.8,0.1,0.3,0.5,0.1,-,0.6,0.2,0.9,0.3,1.3,1,12.8,-,0.3,-,Premier League,2012/2013
465,Jordan Bowery,Aston Villa,22,FW,3(7),297,-,-,-,-,0.7,84.7,0.7,-,6.24,0.4,0.5,0.3,-,0.5,0.3,-,-,0.2,0.2,0.1,-,0.9,0.4,11.1,0.2,0.2,-,Premier League,2012/2013
466,Jake Livermore,Tottenham,24,DMC,5(7),416,-,-,3,-,0.2,86,0.3,-,6.24,1.2,0.8,1.1,-,0.8,0.4,-,-,0.4,0.1,0.2,-,0.5,0.3,23.3,0.1,2.3,-,Premier League,2012/2013
467,Fraizer Campbell,Sunderland,26,FW,1(11),255,1,-,-,-,0.6,75.6,0.3,-,6.24,0.6,0.3,0.5,-,0.3,0.5,0.1,-,0.3,0.2,0.3,-,0.4,0.3,6.5,0.1,0.2,0.2,Premier League,2012/2013
468,Nick Blackman,Reading,24,FW,3(8),390,-,1,2,-,0.7,73.6,0.4,-,6.23,0.5,0.3,0.9,-,0.4,0.3,-,-,0.4,0.4,0.4,0.1,1.2,1.1,11,0.3,0.5,-,Premier League,2012/2013
469,James Tavernier,Newcastle,22,D(R),0(2),37,-,-,-,-,-,80,2,-,6.23,0.5,-,-,-,3,0.5,-,-,-,-,-,-,-,-,12.5,-,1,-,Premier League,2012/2013
470,Itay Shechter,Swansea,26,FW,7(11),623,1,-,3,-,0.6,87,0.2,-,6.22,0.4,0.3,0.7,-,0.2,0.5,-,-,0.6,0.3,0.7,0.9,0.6,0.9,10.2,0.1,0.1,-,Premier League,2012/2013
471,Rafael van der Vaart,Tottenham,30,M(C),1(1),85,-,-,-,-,1,88.5,0.5,-,6.22,1.5,-,0.5,-,-,-,-,-,1,0.5,0.5,-,1.5,-,30.5,0.5,4.5,-,Premier League,2012/2013
472,Markus Rosenberg,West Brom,31,FW,5(19),539,-,2,-,-,0.8,72.4,0.3,-,6.21,0.5,0.2,0.5,-,0.1,0.5,-,-,0.3,0.1,0.3,0.3,0.8,0.5,5.6,-,0.3,-,Premier League,2012/2013
473,Kader Mangane,Sunderland,30,DMC,0(2),19,-,-,-,-,-,50,0.5,-,6.21,0.5,-,-,1,1,-,-,-,-,-,-,-,-,-,1,-,-,-,Premier League,2012/2013
474,Ahmed El Mohamady,Sunderland,26,M(R),0(2),22,-,-,-,-,-,70,1,-,6.19,0.5,1,0.5,-,0.5,0.5,-,-,-,-,-,-,-,-,5,-,0.5,-,Premier League,2012/2013
475,Roland Lamah,Swansea,25,M(CLR),1(4),152,-,-,-,-,0.4,85.9,0.6,-,6.19,0.6,0.2,0.6,-,-,0.4,0.2,-,0.4,0.4,0.4,0.2,0.6,0.4,15.6,-,0.2,-,Premier League,2012/2013
476,Joe Cole,Liverpool,32,M(LR),0(6),166,1,-,-,-,1.3,88.3,0.3,-,6.19,0.8,0.3,0.3,-,0.2,0.2,-,-,0.5,-,0.5,0.3,1.2,0.7,12.8,0.2,0.2,-,Premier League,2012/2013
477,Apostolos Vellios,Everton,21,FW,0(6),54,-,1,-,-,0.7,68,0.5,-,6.19,-,-,0.7,-,-,-,-,-,0.7,-,-,-,0.2,0.2,4.2,-,0.2,-,Premier League,2012/2013
478,Luciano Becchio,Norwich,29,FW,2(6),168,-,1,-,-,0.4,68.1,1.1,-,6.18,0.1,0.3,0.4,-,0.1,-,-,-,0.3,-,0.9,-,1.3,0.5,5.9,-,-,-,Premier League,2012/2013
479,Ángelo Henríquez,Wigan,19,FW,0(4),45,1,-,1,-,0.8,66.7,-,-,6.17,-,-,0.3,-,-,-,-,-,-,-,0.3,0.3,0.3,0.5,3,-,-,-,Premier League,2012/2013
480,Bryan Oviedo,Everton,23,M(L),1(14),227,-,1,1,-,0.4,78.7,0.1,-,6.15,0.4,0.1,0.1,-,0.1,0.1,-,-,0.1,0.2,0.3,-,0.7,0.3,6.3,0.1,0.1,-,Premier League,2012/2013
481,Andrey Arshavin,Arsenal,32,AM(LR),0(7),80,-,-,1,-,0.4,70.7,0.1,-,6.15,-,-,0.6,-,-,-,-,-,0.7,0.1,0.1,-,0.1,0.6,8.3,0.4,0.4,0.1,Premier League,2012/2013
482,Andrew Surman,Norwich,27,M(CL),4,274,-,-,-,-,2.3,78.8,0.5,-,6.15,0.3,-,1,-,0.8,0.3,-,-,1.3,0.3,0.5,-,1.3,0.5,24.8,0.8,0.3,-,Premier League,2012/2013
483,Emmanuel Mayuka,Southampton,23,FW,1(10),223,-,-,-,-,0.7,83.6,0.1,-,6.15,0.1,0.3,0.5,-,0.2,-,-,-,0.7,0.1,0.7,0.2,0.5,1.2,5.5,0.1,-,-,Premier League,2012/2013
484,Ryo Miyaichi,Wigan,21,M(LR),0(4),48,-,-,-,-,-,78.1,-,-,6.15,-,0.3,0.3,-,-,-,-,-,-,0.5,-,0.3,0.5,0.5,8,1,-,-,Premier League,2012/2013
485,Kieron Dyer,QPR,34,D(C),1(3),196,-,-,1,-,0.3,89.4,-,-,6.15,0.8,0.3,-,0.3,1.5,0.3,-,-,0.8,0.3,0.3,0.3,0.5,0.8,26,-,0.8,-,Premier League,2012/2013
486,Magaye Gueye,Everton,23,FW,0(2),49,-,-,-,-,-,100,-,-,6.15,0.5,-,0.5,-,0.5,-,-,-,-,1.5,-,-,-,0.5,6.5,0.5,-,-,Premier League,2012/2013
487,Yossi Benayoun,Chelsea,33,M(R),0(6),53,-,-,-,-,-,82.8,0.2,-,6.14,0.2,0.7,0.8,-,0.3,-,-,-,0.5,-,-,-,0.2,-,4.8,-,-,0.2,Premier League,2012/2013
488,Simon Dawkins,Aston Villa,26,FW,0(4),71,-,-,-,-,0.5,88.6,-,-,6.13,0.3,0.3,0.3,-,-,0.8,-,-,-,0.5,1.3,-,1.3,0.5,8.8,-,0.5,-,Premier League,2012/2013
489,Michael Owen,Stoke,34,FW,0(8),93,1,-,-,-,0.4,93.3,-,-,6.13,0.1,-,-,-,0.1,-,-,-,-,-,-,-,0.6,-,3.8,-,0.1,-,Premier League,2012/2013
490,Harry Kane,Tottenham,20,FW,0(1),4,-,-,-,-,-,-,-,-,6.13,1,-,-,-,-,-,-,-,-,-,-,-,-,-,-,-,-,-,Premier League,2012/2013
491,Serge Gnabry,Arsenal,18,FW,0(1),8,-,-,-,-,2,66.7,-,-,6.13,-,-,-,-,-,-,-,-,1,-,1,-,-,1,9,-,-,1,Premier League,2012/2013
492,Wilson Palacios,Stoke,29,M(C),0(4),46,-,-,-,-,0.3,81.3,-,-,6.13,1,-,-,-,0.3,-,-,-,0.3,-,-,-,0.5,-,8,-,-,-,Premier League,2012/2013
493,Emanuel Pogatetz,West Ham,30,D(C),1(5),149,-,-,2,-,0.2,66.7,0.3,-,6.13,1.3,-,1,-,3,0.8,-,-,-,-,0.2,-,0.5,-,6,-,0.5,-,Premier League,2012/2013
494,Steve Morison,Norwich,30,FW,4(15),467,1,-,-,-,0.3,52,1.4,-,6.13,0.1,0.1,0.8,-,0.2,0.2,-,-,0.4,0.1,0.3,0.2,0.5,0.8,6.6,0.3,0.1,-,Premier League,2012/2013
495,Louis Saha,Sunderland,35,FW,0(11),181,-,-,-,-,0.5,76.5,0.9,-,6.13,0.2,0.2,0.4,-,0.3,-,-,-,0.2,0.3,0.5,0.4,0.5,0.5,4.6,-,0.2,-,Premier League,2012/2013
496,Ben Reeves,Southampton,22,AM(C),0(3),26,-,-,-,-,-,82.6,-,-,6.12,0.7,0.3,-,-,-,-,-,-,-,-,-,-,-,0.3,7.7,-,1,-,Premier League,2012/2013
497,Jermaine Jenas,Tottenham,30,M(C),0(1),13,-,-,-,-,-,100,-,-,6.12,1,-,-,-,1,-,-,-,-,-,-,-,-,-,9,1,1,-,Premier League,2012/2013
498,Paulo Ferreira,Chelsea,34,D(R),0(2),8,-,-,-,-,-,87.5,-,-,6.12,-,1,-,-,-,-,-,-,-,-,-,-,-,-,4,-,-,-,Premier League,2012/2013
499,Stephen Kelly,Fulham,30,D(LR),0(2),106,-,-,-,-,0.5,76.3,1.5,-,6.11,-,0.5,1,-,2,-,-,-,-,0.5,0.5,-,0.5,1,19,-,0.5,-,Premier League,2012/2013
500,Scott Sinclair,Man City,24,FW,2(9),190,-,-,-,-,0.4,79.3,-,-,6.10,0.3,0.2,0.2,-,0.3,-,-,-,0.1,0.1,0.1,0.1,0.5,0.3,5.3,0.1,-,-,Premier League,2012/2013
501,Simeon Jackson,Norwich,26,FW,5(8),403,1,-,-,-,1.2,81.9,0.3,-,6.10,0.2,0.2,0.4,-,-,0.5,0.1,-,0.1,0.1,0.5,0.8,0.5,0.2,7.2,-,0.1,-,Premier League,2012/2013
502,Mauro Boselli,Wigan,28,FW,1(6),130,-,-,-,-,0.7,77.8,0.6,-,6.10,-,-,0.1,-,0.4,-,-,-,-,0.1,-,0.6,0.1,0.3,2.6,-,-,-,Premier League,2012/2013
503,Ignasi Miquel,Arsenal,21,D(C),0(1),3,-,-,-,-,-,100,-,-,6.09,-,-,-,-,3,-,-,-,-,-,-,-,-,-,1,-,-,-,Premier League,2012/2013
504,Eduard Campabadal,Wigan,20,D(R),0(1),2,-,-,-,-,-,66.7,-,-,6.08,-,-,-,-,-,-,-,-,1,-,1,-,-,-,3,-,-,-,Premier League,2012/2013
505,Dan Gosling,Newcastle,23,M(C),0(3),41,-,-,-,-,0.7,86.7,-,-,6.07,0.3,-,0.3,-,0.3,0.3,-,-,-,-,-,-,0.7,-,5,-,0.7,-,Premier League,2012/2013
506,Adam Campbell,Newcastle,18,Forward,0(3),22,-,-,-,-,-,66.7,-,-,6.05,-,-,-,-,-,0.3,-,-,-,-,-,-,0.3,-,3,-,-,-,Premier League,2012/2013
507,Mark Gower,Swansea,35,M(C),0(1),6,-,-,-,-,-,100,-,-,6.05,-,-,-,-,-,-,-,-,-,-,-,-,-,-,8,-,1,-,Premier League,2012/2013
508,Andrew Johnson,QPR,32,FW,2(1),135,-,-,-,-,0.3,83.7,-,-,6.05,0.3,-,0.3,-,-,-,-,-,-,-,0.7,-,0.3,0.3,14.3,-,-,-,Premier League,2012/2013
509,Mikael Mandron,Sunderland,19,FW,0(2),20,-,-,1,-,0.5,75,1,-,6.05,0.5,-,1.5,-,0.5,-,-,-,-,-,-,-,-,1,6,-,-,-,Premier League,2012/2013
510,Gary Gardner,Aston Villa,21,M(C),0(2),18,-,-,-,-,-,54.5,-,-,6.04,0.5,-,-,-,-,-,-,-,-,-,-,-,-,0.5,5.5,-,0.5,-,Premier League,2012/2013
511,Nile Ranger,Newcastle,22,FW,0(2),6,-,-,-,-,-,75,1,-,6.02,-,-,0.5,-,-,-,-,-,-,-,-,-,-,0.5,2,-,-,-,Premier League,2012/2013
512,James McFadden,Sunderland,30,FW,0(3),34,-,-,-,-,-,60,-,-,6.01,-,-,-,-,0.3,0.7,-,-,-,-,-,-,0.3,-,5,0.3,-,-,Premier League,2012/2013
513,Richard Chaplow,Southampton,28,M(CR),0(3),52,-,-,-,-,-,81,-,-,6.01,0.3,-,0.7,-,0.3,0.3,-,-,-,-,-,0.3,0.3,-,7,-,0.3,-,Premier League,2012/2013
514,Conor Coady,Liverpool,20,DMC,0(1),1,-,-,-,-,-,100,-,-,6.01,-,-,-,-,-,-,-,-,-,-,-,-,-,-,4,-,-,-,Premier League,2012/2013
515,Abdul Razak,Man City,21,DMC,0(3),3,-,-,-,-,-,100,-,-,6.00,-,0.3,0.3,-,-,-,-,-,-,-,-,-,0.3,-,1.7,-,-,-,Premier League,2012/2013
516,Alex Smith,Fulham,22,Defender,0(1),1,-,-,-,-,1,100,-,-,6.00,-,-,-,-,-,-,-,-,1,-,-,-,-,-,2,-,-,-,Premier League,2012/2013
517,Shane Duffy,Everton,21,D(C),0(1),1,-,-,-,-,-,-,-,-,6.00,-,-,-,-,-,-,-,-,-,-,-,-,-,-,-,-,-,-,Premier League,2012/2013
518,Jordan Spence,West Ham,23,M(R),0(4),22,-,-,-,-,-,50,0.3,-,6.00,-,-,0.3,-,0.3,0.3,-,-,-,-,-,0.3,-,0.3,3,-,-,-,Premier League,2012/2013
519,Oussama Assaidi,Liverpool,25,FW,0(4),73,-,-,-,-,0.5,86.4,-,-,6.00,-,-,0.3,-,-,-,-,-,-,0.3,0.3,0.3,0.3,0.5,5.5,-,-,-,Premier League,2012/2013
520,Chris Martin,Norwich,25,FW,0(1),2,-,-,-,-,-,66.7,-,-,5.98,-,-,-,-,-,-,-,-,-,-,-,-,-,-,3,-,-,-,Premier League,2012/2013
521,Isaiah Brown,West Brom,16,FW,0(1),4,-,-,1,-,-,50,1,-,5.96,-,-,1,-,-,-,-,-,-,-,-,-,-,-,2,-,-,-,Premier League,2012/2013
522,Daniel Potts,West Ham,19,D(CL),1(1),117,-,-,-,-,-,67.6,-,-,5.94,3.5,0.5,-,-,4,0.5,0.5,-,-,-,-,-,0.5,1.5,18.5,-,1,-,Premier League,2012/2013
523,Robert Hall,West Ham,20,AM(CLR),0(1),12,-,-,-,-,1,-,-,-,5.93,-,-,1,-,-,-,-,-,-,-,-,-,-,1,-,-,-,-,Premier League,2012/2013
524,Billy Sharp,Southampton,27,FW,0(2),18,-,-,-,-,-,75,-,-,5.93,-,-,-,-,0.5,-,-,-,-,-,0.5,-,-,1,2,-,-,-,Premier League,2012/2013
525,Nathan Delfouneso,Aston Villa,22,FW,1,46,-,-,-,-,-,83.3,1,-,5.92,-,-,1,-,-,-,-,-,-,1,-,-,-,2,12,-,1,-,Premier League,2012/2013
526,Adam Mitchell,Sunderland,20,Midfielder,0(1),2,-,-,-,-,-,-,-,-,5.90,-,-,-,-,-,-,-,-,-,-,-,-,-,-,-,-,-,-,Premier League,2012/2013
527,Billy Knott,Sunderland,21,Midfielder,0(1),16,-,-,-,-,-,75,-,-,5.89,-,-,-,-,-,-,-,-,-,-,-,-,-,-,4,-,-,-,Premier League,2012/2013
528,Rory Delap,Stoke,37,FW,0(1),10,-,-,-,-,-,-,-,-,5.89,-,-,-,-,-,-,-,-,-,-,-,-,-,-,2,-,-,-,Premier League,2012/2013
529,David Fox,Norwich,30,DMC,0(2),35,-,-,-,-,0.5,69.2,-,-,5.88,-,-,-,-,-,0.5,0.5,-,-,-,-,-,-,1,6.5,-,-,-,Premier League,2012/2013
530,David Stockdale,Fulham,28,GK,2,180,-,-,-,-,-,52.7,-,-,5.85,-,-,-,-,1,-,-,-,-,-,0.5,-,-,-,27.5,-,6.5,-,Premier League,2012/2013
531,Dominic Samuel,Reading,19,FW,0(1),18,-,-,-,-,-,62.5,1,-,5.84,-,-,-,-,-,-,-,-,-,-,-,-,1,1,8,-,-,-,Premier League,2012/2013
532,Iago Falque,Tottenham,23,FW,0(1),5,-,-,-,-,-,77.8,-,-,5.81,-,-,-,-,-,-,-,-,-,-,-,-,-,-,9,-,-,-,Premier League,2012/2013
533,Stuart Taylor,Reading,33,GK,4,360,-,-,-,-,-,34.7,0.3,-,5.78,-,-,-,-,1.3,-,-,-,-,-,-,-,-,0.3,25.3,-,7.8,-,Premier League,2012/2013
534,Marc Tierney,Norwich,28,D(L),1,90,-,-,-,-,-,70.7,-,-,5.69,-,2,1,-,5,-,-,-,1,-,1,-,-,-,41,2,-,-,Premier League,2012/2013
535,Shay Given,Aston Villa,37,GK,2,180,-,-,-,-,-,60.9,1,-,5.53,-,-,-,-,-,0.5,-,-,-,-,-,-,-,-,32,-,11,-,Premier League,2012/2013
536,Maurice Edu,Stoke,27,M(C),0(1),9,-,-,-,-,-,100,-,-,5.52,-,-,-,-,1,2,-,-,-,-,-,-,1,3,9,-,-,-,Premier League,2012/2013
