,name,club,position,apps,mins,goals,assists,yel,red,shots,ps%,aerials_won,motm,rating,tackles,interceptions,fouls,offsides_won,clearances,dribbled,blocks,own_goals,key_passes,dribblings,fouled,offsides,dispossed,bad_controls,avg_passes,crosses,long_passes,through_passes,league,season
0,Dylan Saint-Louis,Saint-Etienne,M(CL),1,84,1,-,-,-,2,56.7,3,-,7.84,1,3,-,-,2,1,-,-,1,1,-,-,1,2,30,2,3,-,Ligue 1,2016/2017
1,Sylvain Armand,Rennes,D(CL),0(1),65,-,-,-,-,-,81,2,-,7.82,-,9,1,1,6,-,-,-,-,-,-,-,-,-,42,-,5,-,Ligue 1,2016/2017
2,Anthony Maisonnial,Saint-Etienne,Goalkeeper,1(1),167,-,-,-,-,-,43.5,-,1,7.77,-,-,-,-,2.5,-,-,-,-,-,-,-,-,-,23,-,6.5,-,Ligue 1,2016/2017
3,Romain Salin,Guingamp,GK,1,90,-,-,-,-,-,76.5,2,-,7.57,-,-,-,-,2,-,-,-,-,-,1,-,-,-,17,-,6,-,Ligue 1,2016/2017
4,Alexandre Lacazette,Lyon,FW,28(2),2408,28,3,3,-,2.8,78,0.9,7,7.57,1,0.1,1.8,-,0.1,0.8,-,-,1.7,1.6,1.2,1,1.7,2.4,28.2,0.1,0.4,0.2,Ligue 1,2016/2017
5,Marco Verratti,PSG,M(C),25(3),2158,3,5,6,-,0.4,88.4,0.2,3,7.54,3.1,0.8,1.5,-,0.4,2.5,0.1,-,1.4,2.1,2.8,-,1.7,1.4,87.5,0.1,4.5,0.5,Ligue 1,2016/2017
6,Ryad Boudebouz,Montpellier,FW,33,2925,11,9,4,-,1.8,78.8,0.9,7,7.52,1.2,0.5,0.6,-,0.2,1.1,-,-,3.5,2.7,1.5,0.1,2.6,1.8,55.3,2.2,3.7,0.3,Ligue 1,2016/2017
7,Dimitri Payet,Marseille,FW,14(1),1249,4,3,3,-,2.6,80.4,0.3,2,7.52,1.2,0.8,0.8,-,-,0.9,-,-,2.6,1.7,1.4,-,1.5,1.6,45.9,1.6,2.1,0.3,Ligue 1,2016/2017
8,Fabinho,Monaco,DMC,33(4),3071,9,1,8,-,0.8,84.4,1.8,2,7.51,3.1,1.4,1.8,-,1.8,1.6,0.3,-,0.9,1,1.8,-,0.5,0.6,53.9,0.1,4,0.1,Ligue 1,2016/2017
9,Mauro Goicoechea,Toulouse,GK,2,180,-,-,-,-,-,55.4,0.5,1,7.51,-,-,-,-,-,-,-,-,-,-,-,-,-,-,28,-,8,-,Ligue 1,2016/2017
10,Thomas Lemar,Monaco,AM(CLR),28(6),2612,9,10,1,-,1.7,82.8,0.3,5,7.48,1.4,0.9,0.7,-,0.4,1.1,-,-,2.2,1.5,1.4,0.2,1.7,2,37,1.6,2.3,0.1,Ligue 1,2016/2017
11,Loic Perrin,Saint-Etienne,D(C),26(1),2246,4,1,1,-,0.8,87.7,2.9,3,7.47,2.2,2.1,0.6,1,5.7,0.5,0.7,-,0.2,0.4,0.9,0.1,0.3,0.1,50.1,-,3.9,-,Ligue 1,2016/2017
12,Maxime Gonalons,Lyon,M(C),28(1),2432,1,1,7,1,0.7,90,2.8,2,7.44,4.4,2.3,1.6,-,1.7,1.6,0.3,-,0.7,1.4,1.9,-,0.8,0.7,58.9,-,3.7,0.1,Ligue 1,2016/2017
13,Marçal,Guingamp,M(L),31,2689,-,7,3,1,0.5,79.2,1.8,3,7.43,2.8,2.7,1.3,0.1,4.1,1.1,0.4,-,1.7,0.8,1.3,-,0.8,0.8,44.5,1.2,3.2,-,Ligue 1,2016/2017
14,Jorge,Monaco,M(L),1(1),91,1,-,-,-,2,76.5,2,1,7.42,1,2,-,-,1,1,-,-,1,1.5,-,-,-,1.5,25.5,1,-,-,Ligue 1,2016/2017
15,Lucas Moura,PSG,FW,29(8),2435,12,5,-,-,1.8,82.7,0.5,4,7.41,1.2,0.9,0.8,-,0.3,0.4,-,-,1.5,1.9,1,0.1,1.5,1.7,33.5,1.4,0.6,0.1,Ligue 1,2016/2017
16,Thomas Meunier,PSG,M(R),18(4),1692,1,4,3,-,1,86.2,1.5,1,7.39,2,1.2,1.1,-,2.1,0.5,0.1,-,1.1,1.2,0.3,-,0.7,0.9,47,0.7,1.9,-,Ligue 1,2016/2017
17,Thomas Vincensini,SC Bastia,Goalkeeper,3,270,-,-,-,-,-,52.3,0.3,-,7.38,-,-,-,-,0.3,-,-,-,-,-,0.3,-,-,-,29.3,-,7.3,-,Ligue 1,2016/2017
18,Radamel Falcao,Monaco,FW,22(7),1941,21,5,2,-,2.8,78.9,1.4,3,7.38,0.5,0.3,1,-,0.9,0.8,0.1,-,0.8,0.4,0.9,0.4,1.7,2.3,17,0.1,0.4,0.1,Ligue 1,2016/2017
19,Thiago Silva,PSG,D(C),27,2386,3,2,1,-,0.8,93.9,2.2,2,7.38,1.1,1.9,0.5,0.5,4.1,0.3,0.9,-,0.4,0.1,0.9,0.1,-,0.1,79.7,-,4.9,-,Ligue 1,2016/2017
20,Florian Thauvin,Marseille,FW,36(2),2978,15,8,2,-,2.5,77.8,0.5,9,7.37,1,0.6,0.8,-,0.4,1.2,-,-,1.6,2.4,1.1,0.3,2.2,2.8,35.8,1.2,1.7,0.2,Ligue 1,2016/2017
21,Edinson Cavani,PSG,FW,35(1),2978,35,4,5,-,4,81.9,0.3,5,7.37,0.6,0.3,0.7,-,0.4,0.4,0.1,-,0.7,0.2,0.3,1.8,0.4,1.3,14.4,0.1,0.6,-,Ligue 1,2016/2017
22,Ricardo Pereira,Nice,M(R),23(1),2058,2,4,2,-,0.8,86.5,1.1,4,7.36,2.9,1.4,1.2,0.5,2.6,1.4,0.1,-,1.2,1.2,1.8,-,1.4,1,44.9,0.4,1.1,-,Ligue 1,2016/2017
23,Adrien Rabiot,PSG,M(L),20(7),1932,3,2,2,-,0.8,90,1.9,3,7.36,2.3,1.4,0.8,-,1.2,0.6,0.6,-,0.5,1.5,1.2,-,0.9,1.1,64,0.2,2,0.1,Ligue 1,2016/2017
24,Boschilia,Monaco,AM(CLR),5(6),437,6,2,1,-,1.8,76.1,0.3,1,7.35,0.9,0.4,0.4,-,0.2,0.5,-,-,0.9,1.2,1.2,0.1,0.9,0.8,14.8,0.5,0.2,0.1,Ligue 1,2016/2017
25,Cheikh N'Doye,Angers,M(C),32(1),2911,5,5,5,1,2.7,65.8,8.2,6,7.34,1.6,0.8,1.9,0.1,2.2,0.8,0.4,-,1.5,0.3,1,-,1.4,1.8,37,-,1.2,-,Ligue 1,2016/2017
26,William Vainqueur,Marseille,DMC,29,2550,-,1,6,-,1,91.8,1.1,-,7.32,3.8,2.2,1.7,0.2,1.2,2.2,0.3,-,0.6,1.5,1,-,1.3,1,64,0.1,4.2,-,Ligue 1,2016/2017
27,Marcel Tisserand,Monaco,M(R),1,90,-,-,1,-,1,67.6,1,-,7.31,1,2,2,1,2,-,1,-,-,2,1,-,1,1,34,1,-,-,Ligue 1,2016/2017
28,Memphis Depay,Lyon,FW,12(4),1099,5,7,1,-,2.9,80.2,0.3,2,7.30,0.8,0.3,0.8,-,0.2,0.8,-,-,2,2.5,1.4,0.3,2.3,2.6,32.2,0.8,1.3,0.2,Ligue 1,2016/2017
29,Óscar Trejo,Toulouse,FW,27(2),2322,2,5,4,-,0.9,74.9,0.7,5,7.30,2.8,0.9,1.9,-,0.2,2.2,0.1,-,2.1,3,2,0.1,3.2,2.7,40.7,1.8,1.3,0.2,Ligue 1,2016/2017
30,Bernardo Silva,Monaco,FW,33(4),2800,8,9,3,-,1.6,81.1,0.5,3,7.29,1.3,0.7,0.7,-,0.4,1.4,-,-,1.6,1.9,1.5,0.1,2,1.9,31.2,0.8,1.3,0.1,Ligue 1,2016/2017
31,Almamy Touré,Monaco,M(R),12(3),1082,-,5,-,-,0.4,79.3,2.1,-,7.29,1.8,1,0.9,0.1,2.6,0.3,0.3,-,1.1,0.9,0.3,0.1,0.6,1,28,0.7,0.9,0.1,Ligue 1,2016/2017
32,Ángel Di María,PSG,FW,24(5),2048,6,7,1,1,2.9,76.4,-,5,7.28,0.7,0.5,0.5,-,-,1.1,-,-,2.7,1.4,0.9,0.4,1.9,1.9,42.3,2,3.1,0.5,Ligue 1,2016/2017
33,Youssouf Sabaly,Bordeaux,M(R),30,2648,-,4,3,-,0.3,82.1,1.3,2,7.28,2.6,2.4,1.1,0.1,3.5,1.1,0.2,-,1.1,1.6,1.4,-,1.9,1.4,41.1,0.7,1.2,-,Ligue 1,2016/2017
34,Wylan Cyprien,Nice,M(C),27(2),2433,8,3,2,-,1.8,89.1,0.5,3,7.27,1.1,0.4,0.9,-,0.8,0.6,0.2,-,0.9,1.9,2.3,-,2,1.3,71.8,0.2,3.3,0.1,Ligue 1,2016/2017
35,Steve Mounié,Montpellier,FW,32(3),2830,14,3,4,1,3,64.8,8.4,3,7.27,0.5,0.2,1.8,-,0.6,0.6,-,-,0.7,0.6,1.2,1,1.6,3.1,25.1,0.1,0.2,-,Ligue 1,2016/2017
36,Tiemoué Bakayoko,Monaco,DMC,25(7),2220,2,1,2,1,0.9,87.3,2,1,7.27,2.2,1.8,1.6,-,1.7,0.8,0.1,-,0.4,1.8,1.7,-,1,0.8,42.8,-,2.3,0.1,Ligue 1,2016/2017
37,Layvin Kurzawa,PSG,M(L),18,1529,2,2,3,-,1.2,89.4,1.6,1,7.26,1.2,2,0.8,-,2.3,0.5,0.2,-,0.8,1.6,0.6,0.3,1.2,1.4,49.1,0.8,0.9,-,Ligue 1,2016/2017
38,Benjamin Mendy,Monaco,M(L),24(1),2060,-,5,6,1,0.6,76,1.6,2,7.25,1.9,1.6,1.2,0.2,2.4,0.9,0.1,-,1,1.5,0.7,0.5,1.1,1,34.2,1.4,1.4,0.2,Ligue 1,2016/2017
39,Corentin Tolisso,Lyon,M(CR),29(2),2577,8,5,1,1,2.1,83.8,1.9,2,7.25,1.7,1,1,-,1.2,1.6,0.3,-,1.4,0.6,1.3,0.1,1.2,1.2,65.4,0.1,2.6,0.4,Ligue 1,2016/2017
40,Yannis Salibur,Guingamp,FW,34(1),2826,8,4,2,-,2.6,81.9,0.5,6,7.24,0.9,0.6,0.8,-,0.1,0.6,-,-,1.6,2.3,2.3,0.3,1.6,1.9,25.7,1.5,0.7,0.1,Ligue 1,2016/2017
41,Paul Baysse,Nice,D(CR),20(2),1857,2,1,1,-,0.5,91.3,3,-,7.24,1.7,1.5,0.4,0.5,6,0.4,0.6,-,0.1,-,0.9,0.2,0.2,0.5,62.5,-,4.2,-,Ligue 1,2016/2017
42,Younousse Sankharé,Bordeaux,M(C),15(1),1391,4,3,2,-,1.9,83.4,1.8,2,7.24,3,0.8,1.4,-,0.6,0.9,0.1,-,1.3,0.8,1,0.3,1,0.8,41.4,0.1,1.8,0.1,Ligue 1,2016/2017
43,Jean Michaël Seri,Nice,M(C),34,2990,7,9,4,-,0.9,89.6,0.4,2,7.23,1.1,1,0.7,-,0.5,0.9,0.2,-,2.2,1.1,1.2,-,1.2,1.4,83.5,0.8,4.7,0.3,Ligue 1,2016/2017
44,Kylian Mbappé,Monaco,FW,17(12),1501,15,8,2,-,1.8,73.3,0.3,5,7.22,0.3,0.1,0.3,-,0.2,0.2,-,-,1.1,1.1,0.8,0.8,1.1,1.9,11.6,0.2,0.3,-,Ligue 1,2016/2017
45,Mehdi Abeid,Dijon,DMC,27(1),2376,3,2,8,-,1.6,85.3,1.1,2,7.21,2.8,1.7,1.9,-,1,1,0.2,-,1.1,1.5,1.5,-,1.4,1.4,46.9,0.7,2.8,-,Ligue 1,2016/2017
46,Frédéric Guilbert,Caen,M(R),23,2043,-,1,4,-,0.7,72.3,2.5,1,7.21,3.8,3,1.1,0.1,2.5,1.7,0.3,-,0.5,1,1,-,0.7,0.9,30.5,0.7,1.5,-,Ligue 1,2016/2017
47,Lucas Tousart,Lyon,DMC,17(5),1633,1,1,1,-,0.9,86.2,3,-,7.21,2.4,1.7,0.8,0.1,2.5,1.4,0.2,-,0.3,0.9,1,-,0.7,0.9,41.4,0.1,1.3,0.1,Ligue 1,2016/2017
48,Bafétimbi Gomis,Marseille,FW,30(1),2606,20,3,6,-,2.9,74.5,2.1,2,7.21,0.5,0.1,1.4,-,1.5,0.4,0.2,-,0.8,0.8,1,1.2,1.6,2,19.6,-,0.4,0.1,Ligue 1,2016/2017
49,Florentin Pogba,Saint-Etienne,D(CL),16(1),1363,1,1,1,-,0.5,77.7,2.1,2,7.19,2,2.7,0.9,0.5,4.1,0.8,0.4,-,0.5,0.9,0.5,0.1,0.6,0.9,41.9,0.5,3.2,-,Ligue 1,2016/2017
50,Christopher Jullien,Toulouse,D(C),35,3150,4,1,2,1,0.9,76.1,4.1,4,7.19,1.5,1.5,1,1,7.5,0.4,0.5,-,0.1,-,0.6,0.1,0.1,0.2,36.8,-,4.2,-,Ligue 1,2016/2017
51,Julian Draxler,PSG,FW,12(5),1016,4,1,2,-,1.4,84.4,0.6,-,7.19,0.6,0.7,0.5,-,0.2,0.4,-,-,1.2,1.9,0.7,0.2,1.3,1.4,31.4,0.7,1.6,0.3,Ligue 1,2016/2017
52,Jérémy Toulalan,Bordeaux,M(C),30,2607,-,-,5,-,0.1,81.5,1.8,1,7.18,3.2,1.9,1.2,0.1,3.4,1.3,0.8,-,0.4,1,1,-,0.9,0.5,56,0.1,2.5,-,Ligue 1,2016/2017
53,Christophe Jallet,Lyon,M(L),12(1),1093,1,2,-,-,0.7,82.1,1.3,-,7.18,2.5,0.8,0.7,0.2,2.2,0.5,0.4,-,1.5,0.3,0.2,0.1,0.1,1.2,61.1,0.8,2.2,0.2,Ligue 1,2016/2017
54,Dalbert,Nice,M(L),33,2873,-,3,7,-,0.5,87,1.4,1,7.18,2.6,1.5,0.8,0.2,3.1,0.9,0.2,-,0.8,1.4,1.3,0.1,1.2,1.5,43.4,0.7,1.1,-,Ligue 1,2016/2017
55,Thomas Mangani,Angers,M(C),33(1),2854,3,8,3,-,1.1,80,1.1,5,7.17,2,1.1,0.9,-,1.3,2.5,0.2,-,2.9,0.7,0.6,-,1.3,1.1,59.3,1.9,3.9,0.1,Ligue 1,2016/2017
56,Djibril Sidibé,Monaco,M(R),26(3),2322,2,5,7,-,0.8,81.3,1.1,1,7.17,2.6,1.6,1.5,0.1,1.7,1.2,-,-,0.9,0.7,0.9,0.2,1,1.2,45,0.9,2.1,-,Ligue 1,2016/2017
57,Loic Badiashile,Monaco,Goalkeeper,0(1),45,-,-,-,-,-,85,-,-,7.16,-,-,-,-,-,-,-,-,-,-,-,-,-,-,20,-,3,-,Ligue 1,2016/2017
58,Kamil Glik,Monaco,D(C),36,3240,6,2,6,-,0.7,82,1.8,-,7.16,0.7,1.7,1,0.8,6.8,0.3,0.6,-,0.2,-,0.5,0.1,0.1,0.1,42.4,0.1,3.9,-,Ligue 1,2016/2017
59,Fouad Chafik,Dijon,M(R),27,2399,-,1,2,-,0.2,75.6,0.9,-,7.16,3.3,2.7,1,0.4,2.9,1,0.5,-,0.6,1.6,0.9,-,1,0.7,36.2,0.6,2.5,-,Ligue 1,2016/2017
60,Kevin Malcuit,Saint-Etienne,M(R),23(2),2094,-,3,4,2,0.4,75.8,1,3,7.15,2.6,2.6,0.8,0.2,2.3,0.9,0.1,-,0.5,2.1,1.4,-,1.1,1,34.2,0.3,1.2,-,Ligue 1,2016/2017
61,Vincent Pajot,Saint-Etienne,M(C),15(6),1368,3,-,2,-,0.8,80.2,4.7,1,7.15,2,2,1.8,-,2,0.5,0.3,-,0.4,0.2,1.2,-,0.6,1,32,0.1,1.8,-,Ligue 1,2016/2017
62,Grégory Sertic,Marseille,M(C),7(1),653,-,-,-,-,0.4,83.8,1.4,-,7.15,2,2.9,0.8,1,4.9,0.8,0.5,1,0.3,0.1,0.8,0.1,-,0.3,50,-,5,-,Ligue 1,2016/2017
63,Emanuel Mammana,Lyon,D(C),17,1514,1,-,3,-,0.6,91.2,2.3,1,7.15,2.5,2.3,0.9,0.5,5.3,1.3,0.5,-,0.2,0.5,0.3,-,0.1,0.4,53.1,-,3.6,-,Ligue 1,2016/2017
64,Benjamin André,Rennes,M(CLR),36,3219,-,3,6,-,0.7,82.5,3.7,4,7.14,3.4,2.1,1.6,-,1.4,2,0.1,-,1.1,0.8,1.8,0.1,1.6,1.5,68.8,0.1,2.6,0.1,Ligue 1,2016/2017
65,Kévin N'Doram,Monaco,DMC,3(2),320,-,1,-,-,0.2,89.9,2.4,-,7.14,2.2,2.6,0.6,-,1.2,0.8,0.4,-,0.2,0.2,1.4,-,0.2,0.6,39.8,-,3.2,-,Ligue 1,2016/2017
66,Renaud Cohade,Metz,M(C),32(1),2787,1,4,11,1,1.1,79,2.3,4,7.13,3,1.3,1.4,-,1.4,1.3,0.1,-,1.7,1.2,1,0.4,1.5,1.8,50.2,1.8,3.4,0.1,Ligue 1,2016/2017
67,Dusan Veskovac,Toulouse,D(C),1,90,-,-,-,-,-,66.7,3,-,7.13,1,4,1,1,7,-,2,-,-,-,2,-,-,-,36,-,5,-,Ligue 1,2016/2017
68,Cheick Diabaté,Metz,FW,12(2),1056,8,1,2,-,1.9,59.9,5.9,-,7.13,0.3,0.2,2.6,-,1.7,0.4,-,-,0.6,0.4,1.2,1.8,1.4,2.4,20.3,-,0.4,0.1,Ligue 1,2016/2017
69,Hiroki Sakai,Marseille,M(R),34(1),3014,-,2,6,-,0.1,83.2,2.1,-,7.13,2.5,1.8,1.3,0.4,3.1,0.8,0.3,-,0.8,0.7,0.5,0.1,0.8,0.9,40.7,0.5,1.1,-,Ligue 1,2016/2017
70,Nordi Mukiele,Montpellier,M(R),16(1),1444,-,-,2,-,0.5,80.7,1.4,-,7.13,2.9,3.1,0.6,0.2,3.2,0.9,0.4,-,0.9,1.3,1.5,0.1,1.1,1.4,43.3,0.6,1.4,-,Ligue 1,2016/2017
71,Ronaël Pierre-Gabriel,Saint-Etienne,M(R),11(3),964,-,-,4,-,0.3,79.6,0.7,2,7.12,3.6,2.1,0.9,0.1,2.2,0.8,0.1,-,0.5,1.5,0.8,-,0.5,0.8,25.9,0.4,0.9,-,Ligue 1,2016/2017
72,Billy Ketkeophomphone,Angers,FW,4(1),292,1,-,1,1,2.4,84.2,1,2,7.11,2.6,1.4,2,-,0.2,1,-,-,2.6,1.4,0.8,-,1.2,1.2,29.2,1.8,1.2,0.2,Ligue 1,2016/2017
73,Morgan Sanson,Montpellier,M(CLR),20,1745,3,7,2,-,1.9,79.9,0.4,1,7.11,1.8,1.6,1.1,-,0.5,1.9,0.1,-,1.8,1.7,1.8,0.2,2.3,2.7,36.6,1,1.7,0.1,Ligue 1,2016/2017
74,Paul-Georges Ntep,Rennes,FW,14(1),1131,2,5,1,-,2.1,79,0.7,2,7.11,1.3,0.3,0.7,-,0.2,1.3,-,-,1.7,2.3,2.1,0.4,1.3,2.4,35.2,0.7,1.4,0.3,Ligue 1,2016/2017
75,Marko Basa,Lille,D(C),23,1955,1,-,-,-,0.3,90.7,3.9,-,7.11,0.9,1.7,0.7,0.7,6.4,0.1,0.7,-,0.1,0.2,1.1,-,0.1,0.2,43.4,-,2.7,-,Ligue 1,2016/2017
76,Ludovic Baal,Rennes,M(L),33,2882,-,5,3,1,0.2,76.1,1.8,3,7.10,3.1,1.6,1,0.2,1.8,1.2,0.1,-,0.8,1.9,0.6,0.1,1.8,1.7,55.8,0.5,1.9,0.1,Ligue 1,2016/2017
77,Serge Aurier,PSG,M(R),21(1),1830,-,3,3,1,1,89,2.7,-,7.10,2.2,1.5,0.9,-,1.9,0.5,0.2,1,1.1,1,0.9,0.3,1.2,1.4,43.5,0.6,0.9,-,Ligue 1,2016/2017
78,Nabil Fekir,Lyon,FW,28(4),2224,9,4,5,1,2.2,84.5,0.3,3,7.10,0.7,-,1.6,-,-,0.6,-,-,2,1.8,1.9,0.8,2.2,2.2,29.1,1.5,1.3,0.1,Ligue 1,2016/2017
79,Ronny Rodelin,Caen,FW,31(6),2957,9,3,4,-,2.6,69.6,3.9,3,7.09,1.1,0.7,0.6,-,0.7,0.6,0.2,-,1,1.2,1.3,0.4,1.6,2.1,31.6,0.5,2.4,0.1,Ligue 1,2016/2017
80,Marquinhos,PSG,DMC,27(2),2500,3,-,1,-,0.5,93.6,1.7,-,7.09,1.6,1.3,0.4,0.5,3.5,0.4,0.4,-,0.3,0.1,0.4,0.1,0.2,0.1,70.3,-,5.6,-,Ligue 1,2016/2017
81,Mexer,Rennes,D(C),20(3),1818,1,1,3,-,0.1,81.9,2.4,1,7.08,1.2,2,0.7,1,6.9,0.3,0.8,-,0.1,0.4,0.8,-,0.2,0.3,35.8,-,2.5,-,Ligue 1,2016/2017
82,Valentin Eysseric,Nice,FW,23(6),2087,4,7,4,-,1.4,81.5,0.8,4,7.08,1.2,0.6,0.7,-,0.4,0.8,-,-,1.2,1.4,1.6,-,1.4,1.3,39.4,0.2,1.4,0.2,Ligue 1,2016/2017
83,Julien Féret,Caen,M(C),35,3119,2,3,1,-,0.7,78.7,1.9,2,7.08,1.7,1.8,0.5,-,1.2,1.2,0.2,-,1.9,1.4,1.1,-,1.3,1.7,51.7,1.3,3.1,-,Ligue 1,2016/2017
84,Maxwell,PSG,D(L),19(1),1713,-,6,-,-,0.2,89.1,0.7,-,7.07,1.5,1.1,0.3,0.1,1.3,0.7,0.2,-,1,0.2,0.1,0.1,0.4,0.6,58.7,0.8,1.1,-,Ligue 1,2016/2017
85,Jemerson,Monaco,DMC,34,3058,2,-,7,1,0.4,85.7,1.7,-,7.07,2,1.6,1.3,1.3,5.6,0.6,0.6,-,0.1,0.1,0.4,-,-,0.4,41.6,-,4,-,Ligue 1,2016/2017
86,Patrice Evra,Marseille,M(L),11,874,1,-,3,-,0.4,82.8,1.9,1,7.07,2.1,1.5,1.5,0.2,3.2,0.8,0.4,-,0.5,0.6,1.2,0.3,0.5,1,41.6,0.2,1.7,0.1,Ligue 1,2016/2017
87,Karl Toko-Ekambi,Angers,FW,29(2),2440,7,4,-,-,2.6,77,0.7,2,7.07,0.8,0.9,0.7,-,0.2,0.9,-,-,1.2,2.2,1.1,0.5,1.6,2.7,25.7,0.7,0.5,0.1,Ligue 1,2016/2017
88,Allan Saint-Maximin,SC Bastia,FW,29(4),2617,3,2,1,1,2.1,78.1,0.7,2,7.06,0.6,0.3,0.6,-,0.2,0.5,-,-,1.5,4.3,1.9,0.2,4.1,2.9,23.6,0.7,0.6,-,Ligue 1,2016/2017
89,Jessy Moulin,Saint-Etienne,GK,6,460,-,-,-,1,-,54.2,0.3,-,7.06,0.2,-,0.2,-,0.8,-,-,-,-,-,0.2,-,-,-,23.7,-,4.7,-,Ligue 1,2016/2017
90,Sylvain Marveaux,Lorient,FW,24,1920,5,6,1,-,1.3,80.3,0.4,-,7.06,0.7,0.3,0.4,-,0.1,0.5,-,-,2.1,1.7,0.9,0.2,1.8,2.1,39.7,1.1,1.8,0.1,Ligue 1,2016/2017
91,Presnel Kimpembe,PSG,D(C),19,1710,-,-,7,-,0.2,94.7,1.3,-,7.06,0.9,2.1,1.2,1,2.8,0.1,0.2,-,0.2,0.8,1.1,-,0.3,0.5,72.4,0.1,3.4,0.1,Ligue 1,2016/2017
92,Ramy Bensebaïni,Rennes,M(L),22(3),1838,-,-,4,2,0.6,83.4,2.8,3,7.06,2.2,2.3,1,0.3,4.6,0.6,0.2,-,0.3,0.7,0.8,-,0.2,0.8,44.1,0.2,2.5,-,Ligue 1,2016/2017
93,Pierre Lees-Melou,Dijon,M(CLR),30(2),2497,7,3,3,-,1.5,77.8,0.9,2,7.06,3.1,1.1,1.3,-,0.8,1.5,0.2,-,0.9,0.8,1,0.3,1.4,1.3,29.9,0.3,1.8,0.1,Ligue 1,2016/2017
94,Javier Pastore,PSG,AM(CLR),9(6),866,-,4,-,-,0.7,81.5,0.1,1,7.06,1.1,0.5,0.5,-,0.3,1.4,-,-,1.5,2.2,0.7,0.1,1.3,0.8,50.9,0.3,2.3,0.5,Ligue 1,2016/2017
95,Clément Lenglet,Nancy,D(C),18,1620,-,-,4,-,0.3,74.3,1.9,1,7.05,2.5,2.6,1.2,0.7,5.1,0.7,0.6,-,0.1,0.1,1.3,-,0.3,0.3,40.3,-,5.2,0.1,Ligue 1,2016/2017
96,Guillaume Gillet,Nantes,M(CR),38,3368,3,-,5,-,1.2,83,2.7,2,7.05,2.4,2,0.9,-,2.3,1.5,0.3,-,0.6,0.5,0.8,-,0.7,0.5,48.3,0.1,2.7,-,Ligue 1,2016/2017
97,Yohann Pelé,Marseille,GK,38,3420,-,-,3,-,-,73.5,0.4,1,7.04,-,-,-,-,0.7,-,-,-,-,-,0.2,-,-,-,28.9,-,7.5,-,Ligue 1,2016/2017
98,Dimitri Cavaré,Rennes,M(R),1(1),106,-,-,-,-,-,64.7,0.5,1,7.04,1.5,3,-,-,2,1,-,-,-,1.5,-,-,-,-,17,-,-,-,Ligue 1,2016/2017
99,Valentin Rongier,Nantes,M(C),26(5),2165,2,1,1,-,1,82.4,1,2,7.04,4.1,1.4,1.3,-,0.6,1.7,0.1,-,0.7,0.9,0.5,-,0.8,1.5,46.1,0.1,2.5,-,Ligue 1,2016/2017
100,Nicolas Nkoulou,Lyon,D(C),12,1080,-,-,2,-,0.3,91.6,2.9,1,7.04,1.4,2.5,1.1,1,4.3,0.5,0.5,-,-,0.5,1.3,-,0.3,0.3,51.3,-,3.7,0.1,Ligue 1,2016/2017
101,Abdou Diallo,Monaco,D(CL),4(1),386,-,-,-,-,0.4,82.9,1.4,-,7.04,1.8,2.6,1.4,0.8,5.6,0.2,1.2,-,-,0.2,0.2,0.2,-,-,42,-,3.8,-,Ligue 1,2016/2017
102,Jordan Veretout,Saint-Etienne,M(C),34(1),2949,3,4,6,-,1,81.7,0.3,1,7.03,2.3,1.3,1.7,-,1,1.7,0.1,-,1.5,1,1,-,0.8,1.3,48.9,1.5,4,-,Ligue 1,2016/2017
103,Eiji Kawashima,Metz,GK,5,450,-,-,-,-,-,46.8,-,1,7.03,-,-,-,-,1.4,-,-,-,-,-,0.2,-,-,-,27.8,-,8.8,-,Ligue 1,2016/2017
104,Lima,Nantes,M(L),38,3382,1,2,4,1,0.6,70.5,1.2,6,7.03,3.3,1.3,1,0.3,2.6,1,0.2,-,1.7,0.9,0.8,0.1,0.8,0.9,36.6,2.1,2.2,-,Ligue 1,2016/2017
105,Rafael,Lyon,M(R),24(2),2061,-,3,6,1,0.6,81.4,1.2,1,7.03,2.5,1.5,1.6,0.1,2,0.8,0.3,-,0.5,1.8,1.5,0.2,0.7,1,38.5,0.4,1.2,-,Ligue 1,2016/2017
106,Blaise Matuidi,PSG,M(CL),26(8),2415,4,4,4,-,1.2,90.8,1.2,2,7.02,1.8,1.2,1.5,-,0.6,0.6,0.1,-,0.8,0.6,1.1,0.3,1,1.7,49.9,0.3,1.4,0.1,Ligue 1,2016/2017
107,Kevin Trapp,PSG,GK,24,2124,-,-,-,-,-,89.2,0.3,1,7.02,-,0.1,-,-,0.8,-,-,-,-,-,0.1,-,-,-,25.1,-,4.5,-,Ligue 1,2016/2017
108,Ellyes Skhiri,Montpellier,DMC,37,3286,1,1,3,-,0.9,84.8,2.7,3,7.02,2.8,2.8,1.2,0.1,2.1,2.1,0.2,1,0.6,1,0.6,0.1,0.8,0.6,48.5,-,3.3,-,Ligue 1,2016/2017
109,Nicolas de Préville,Lille,FW,23(7),2074,14,1,2,-,2.1,71.7,1.2,1,7.02,0.8,0.5,1,-,1,0.6,0.1,-,1.2,1.5,1.3,0.3,2.3,2.6,22,0.6,1,0.1,Ligue 1,2016/2017
110,Vincent Muratori,Nancy,D(L),17,1403,-,-,5,1,0.2,67.7,2.2,1,7.01,3.2,3.6,0.9,0.1,3.7,1.2,0.4,-,0.5,0.4,1.1,-,0.5,1.1,29.8,0.4,1.6,-,Ligue 1,2016/2017
111,Mohamed Mara,Lorient,AM(L),7(2),626,-,1,2,-,1.3,82.7,0.6,1,7.01,2.6,1.4,1.4,-,0.6,0.6,-,-,0.7,3.3,0.6,0.7,2.1,2.7,23.1,0.2,0.2,-,Ligue 1,2016/2017
112,Jordan Lotiès,Dijon,DMC,23(1),2045,2,-,4,1,0.8,80.7,3.1,-,7.01,1.6,2.9,1.7,0.6,5.7,0.3,1,-,0.1,0.3,0.4,-,0.3,0.3,38.2,-,3.9,-,Ligue 1,2016/2017
113,Tobias Badila,Nancy,D(CL),24(2),2251,1,-,7,-,0.5,72.3,1.9,-,7.00,2.9,2.4,1.1,0.2,5.6,0.5,0.3,1,0.3,0.2,0.6,-,0.6,0.6,31.9,0.2,1.8,-,Ligue 1,2016/2017
114,Jacques François Moubandje,Toulouse,M(L),34,3037,-,1,4,-,0.2,70.9,2.1,2,7.00,1.7,2,0.9,0.5,3.7,0.6,0.1,-,0.6,1.4,0.7,-,0.9,0.9,35.8,0.5,2.7,-,Ligue 1,2016/2017
115,Adama Soumaoro,Lille,D(CR),26(1),2326,-,-,1,1,0.4,92.3,2.5,-,6.99,0.8,1.6,1,0.8,6,0.2,0.8,-,0.1,0.9,0.6,-,0.1,0.3,44.4,-,1.5,-,Ligue 1,2016/2017
116,Michael Ciani,Lorient,D(C),25,2169,3,-,5,-,0.9,84.4,3.2,-,6.98,1.2,2.8,1.1,0.7,5.8,0.7,0.4,-,0.1,0.4,0.5,-,0.2,0.4,45,-,2.4,-,Ligue 1,2016/2017
117,Joris Gnagnon,Rennes,D(C),27,2330,1,-,2,-,0.8,87.7,2.4,2,6.98,1.7,1.6,1,0.7,4.1,0.5,0.7,-,0.1,0.4,1.1,-,0.1,0.4,33.9,-,1.2,-,Ligue 1,2016/2017
118,Mario Balotelli,Nice,FW,20(3),1746,15,1,5,3,3.3,71.7,0.6,3,6.98,0.5,0.3,2.4,-,1,0.3,0.1,-,0.4,0.7,2.9,0.8,1.8,1.4,22.3,0.1,0.6,-,Ligue 1,2016/2017
119,Alexander Djiku,SC Bastia,DMC,20(2),1759,1,-,2,2,0.7,74.8,1.9,-,6.98,2.2,2.9,1.1,0.6,5.9,1,0.3,-,0.3,0.4,1,-,0.6,0.4,29.8,0.1,2,-,Ligue 1,2016/2017
120,Mouctar Diakhaby,Lyon,D(C),22,1930,1,-,5,-,1,87.8,2.7,-,6.98,1.3,1.6,0.9,0.6,6.3,0.3,0.6,-,0.1,0.3,0.7,0.1,0.1,0.4,51.8,-,3,-,Ligue 1,2016/2017
121,Alou Diarra,Nancy,M(C),16(2),1297,2,-,7,-,0.2,73.1,3.1,2,6.98,2.3,2.1,1.8,0.1,2.4,0.6,0.4,-,0.4,0.3,0.7,-,0.9,0.6,27.4,0.1,0.9,-,Ligue 1,2016/2017
122,Sébastien Corchia,Lille,M(R),38,3417,1,1,4,-,1,75.2,1.2,3,6.98,2.7,2.1,0.8,0.2,2.7,0.7,0.3,-,0.6,0.6,1.7,-,1.3,1,26.2,0.9,1.3,-,Ligue 1,2016/2017
123,Arnaud Souquet,Nice,M(R),26,2340,1,5,3,-,0.7,86.3,1.2,2,6.98,2.5,1.5,1,0.4,3.2,0.9,0.4,-,0.5,0.7,1.4,0.2,0.9,1.4,50.6,0.2,1.4,0.1,Ligue 1,2016/2017
124,Rony Lopes,Lille,FW,22(3),1877,4,4,2,-,2.7,76.3,0.7,2,6.97,1.4,0.3,1,-,0.3,0.8,-,-,1.2,1.9,1.2,0.2,2.3,2.3,26.3,0.6,0.6,0.1,Ligue 1,2016/2017
125,Jérémy Morel,Lyon,D(CL),29,2544,-,4,3,-,0.2,83.1,1.5,-,6.97,2.3,1.4,0.9,-,2.8,0.6,0.3,-,0.6,0.7,0.9,0.1,0.9,1,51,0.4,2,-,Ligue 1,2016/2017
126,Rod Fanni,Marseille,D(CR),27(1),2396,1,-,7,-,0.1,86.3,1.6,2,6.97,1.5,2,1,1,4.8,0.4,0.7,-,0.1,0.6,0.2,-,0.3,0.4,49.9,-,3.7,-,Ligue 1,2016/2017
127,Renato Civelli,Lille,D(C),12(1),1096,1,-,4,-,0.8,78.8,3,-,6.97,1.7,1.5,0.7,0.7,5.5,0.2,0.6,-,0.2,0.1,0.6,-,0.3,0.2,46,-,3.7,-,Ligue 1,2016/2017
128,Rolando,Marseille,D(C),29(1),2617,4,-,2,-,0.5,90.8,1.6,1,6.97,1.7,1.7,0.7,0.5,4.4,0.7,0.5,-,0.1,-,0.5,-,0.1,0.3,50.9,-,4.1,-,Ligue 1,2016/2017
129,Stéphane Ruffier,Saint-Etienne,GK,31,2790,-,-,-,-,-,66,0.1,3,6.96,-,-,-,-,0.7,0.1,-,-,-,-,-,-,-,-,32.2,-,8.1,-,Ligue 1,2016/2017
130,Diego Contento,Bordeaux,M(L),24(1),2105,-,1,3,-,0.5,75.3,1.5,1,6.96,2.5,2.6,1.3,0.2,2.8,0.6,0.2,1,0.4,-,1.6,-,0.2,0.7,34.6,0.4,1.6,-,Ligue 1,2016/2017
131,Benjamin Leroy,Dijon,GK,1,90,-,-,-,-,-,57.1,-,-,6.96,-,-,-,-,-,-,-,-,-,-,-,-,-,-,28,-,12,-,Ligue 1,2016/2017
132,Benjamin Moukandjo,Lorient,FW,24(1),2009,13,1,1,-,2,72.8,2.4,3,6.96,0.4,0.5,0.9,-,0.4,0.4,-,-,1,1,1.2,0.6,1.9,2.2,23.8,0.3,1,-,Ligue 1,2016/2017
133,Igor Lewczuk,Bordeaux,D(C),25,2116,1,-,3,-,0.4,84.8,2.5,3,6.95,1.7,1.6,1.2,0.4,5.2,0.6,0.4,-,0.1,0.2,0.4,0.2,0.1,0.2,35.1,-,2.2,-,Ligue 1,2016/2017
134,Tomás Hubocan,Marseille,D(CLR),11(2),996,-,-,4,-,0.3,80.1,1.9,-,6.95,2.1,2.4,1.2,0.5,5.8,1.1,0.2,-,0.1,0.3,0.8,-,0.2,0.2,30.2,0.1,2.4,-,Ligue 1,2016/2017
135,Hilton,Montpellier,D(C),32,2807,1,-,2,-,0.7,80.6,2.3,-,6.95,1.2,2.5,0.5,1.1,5.7,0.4,0.7,-,0.2,0.2,0.8,-,0.1,0.3,46.5,0.1,6.3,-,Ligue 1,2016/2017
136,Naïm Sliti,Lille,AM(CL),10(6),953,1,1,1,-,1.4,77,0.3,-,6.94,1.4,0.7,0.8,-,0.3,1,0.1,-,1.9,2.4,1.6,0.1,2.5,1.9,21.5,1.1,0.5,0.1,Ligue 1,2016/2017
137,Valère Germain,Monaco,FW,27(9),2240,10,3,-,-,1.8,76.3,1.4,1,6.94,0.6,0.3,0.3,-,1,0.4,0.1,-,0.6,0.2,0.5,0.2,0.7,0.9,17.5,0.1,0.3,-,Ligue 1,2016/2017
138,Júnior Alonso,Lille,D(CL),10(2),956,-,1,1,-,0.2,83,3.3,1,6.94,1,2.2,1,0.5,5.3,0.8,-,1,0.7,0.3,0.3,0.1,0.5,0.2,50.5,-,4.5,-,Ligue 1,2016/2017
139,David Luiz,PSG,DMC,3,242,-,-,1,-,1,93,1.7,-,6.94,0.3,1.7,1.7,0.3,3.3,0.3,0.7,-,0.3,1.3,0.7,-,-,0.3,43,-,5,0.3,Ligue 1,2016/2017
140,Flavien Tait,Angers,M(CLR),5(6),437,2,2,1,-,0.6,80.6,0.5,1,6.94,1.3,1.1,0.6,-,0.2,0.7,0.1,-,0.5,0.9,0.6,0.1,0.4,0.8,18.7,0.2,0.8,0.3,Ligue 1,2016/2017
141,Quentin Bernard,Dijon,D(L),6(1),553,-,-,1,-,0.1,79.5,1.7,1,6.94,3.3,2,1,0.1,2.4,1,0.3,-,0.1,0.6,1,-,0.4,0.9,37.6,0.1,3.6,-,Ligue 1,2016/2017
142,Morgan Sanson,Marseille,M(CLR),15(2),1358,1,7,1,-,1.4,82.1,0.4,-,6.94,1.4,0.8,1.1,-,0.6,1.4,-,-,1.2,1.1,1.6,0.2,1.8,2.1,34.2,0.4,1.6,0.1,Ligue 1,2016/2017
143,Mike Maignan,Lille,GK,6(1),565,-,-,-,-,-,77,0.1,-,6.94,-,-,-,-,0.1,0.1,-,-,-,-,0.1,-,-,0.3,30.4,-,5.7,-,Ligue 1,2016/2017
144,Lassana Diarra,Marseille,M(C),8(3),727,-,-,2,-,0.3,88.5,0.4,-,6.94,3.5,1,1.1,-,0.5,1.4,-,-,0.3,1.9,0.8,-,1.2,0.5,43.5,-,3.4,-,Ligue 1,2016/2017
145,Romain Hamouma,Saint-Etienne,FW,22(7),1968,7,5,2,-,1.6,74.3,0.5,-,6.94,0.8,0.4,0.8,-,0.3,0.7,0.1,-,1.7,1.4,1.2,0.5,1.3,2,18.5,1,0.3,0.1,Ligue 1,2016/2017
146,Abdoulaye Bamba,Angers,M(R),7(1),593,-,2,2,-,0.3,80.5,1.8,-,6.93,1.1,1.6,0.8,0.5,1.4,0.4,0.1,1,1.1,1,0.3,-,0.3,0.1,32.1,0.1,1,0.3,Ligue 1,2016/2017
147,Júlio Tavares,Dijon,FW,31(4),2765,9,3,3,-,1.6,58.7,5,3,6.93,0.5,0.6,0.9,-,1.6,0.5,0.1,-,0.8,0.4,1.2,0.8,1.4,2.1,21.6,0.1,0.2,-,Ligue 1,2016/2017
148,Mathieu Peybernes,SC Bastia,D(C),19,1641,-,-,-,-,-,76,0.9,-,6.93,2.1,2.5,0.4,1.4,4.6,0.6,0.5,-,-,0.5,1.6,-,0.4,0.2,35.9,-,3.7,-,Ligue 1,2016/2017
149,Léo Dubois,Nantes,M(R),35(1),3135,-,7,2,-,0.8,74.7,1.1,-,6.93,2,1.7,0.6,0.2,2.9,1.1,0.3,1,1.1,0.8,0.7,-,0.8,1.1,39.3,1.1,2.1,-,Ligue 1,2016/2017
150,Christophe Kerbrat,Guingamp,D(C),35,3135,-,1,4,-,0.2,81.7,1.2,-,6.93,1.7,2,0.5,0.8,6,0.7,1,-,0.2,0.1,0.9,-,-,0.3,46.3,-,4.6,-,Ligue 1,2016/2017
151,Mathieu Valbuena,Lyon,M(CLR),15(15),1490,8,5,6,-,1.5,88,0.2,1,6.93,0.6,0.3,1,-,-,0.8,-,-,1.6,0.8,1.3,0.1,1.2,1,29.3,1,1.1,0.1,Ligue 1,2016/2017
152,Maxime Lopez,Marseille,M(CR),26(4),2188,3,7,4,-,0.8,87.5,0.1,1,6.92,1.4,1.1,1.7,-,0.4,1.2,-,-,1.6,1,0.8,0.1,0.7,1.3,60.6,0.9,3.1,0.1,Ligue 1,2016/2017
153,João Moutinho,Monaco,M(C),19(12),1768,2,4,-,-,0.6,85.2,0.5,2,6.92,1.7,1.4,0.7,-,0.9,1.2,0.2,-,0.9,0.3,0.6,-,0.5,0.3,41.9,0.6,2.4,-,Ligue 1,2016/2017
154,Yoann Gourcuff,Rennes,M(CL),27,2299,4,3,3,-,1.4,81.8,1.1,1,6.91,1.4,0.5,0.6,-,0.8,0.6,0.2,-,1.7,0.7,1.4,0.2,2.1,1.8,44.2,0.9,1.6,0.2,Ligue 1,2016/2017
155,Prejuce Nakoulma,Nantes,FW,10(1),821,6,-,3,-,2.2,85.1,0.9,1,6.91,0.6,0.5,1.8,-,0.5,0.4,-,-,0.9,1.1,1.5,0.5,2.3,3,18.9,-,0.4,0.1,Ligue 1,2016/2017
156,Lois Diony,Dijon,FW,31(4),2815,11,8,2,1,1.7,72.4,1,3,6.91,0.7,0.1,1.3,-,0.3,0.3,-,-,1.5,1.5,1.5,0.6,2.7,3.1,18.2,0.4,0.3,-,Ligue 1,2016/2017
157,Alaeddine Yahia,Caen,D(C),31(1),2551,1,-,7,-,0.7,77.6,4.3,1,6.91,1.4,1.8,1,0.4,4.4,0.6,0.7,-,0.2,0.3,1.2,0.1,0.1,0.4,29.9,0.1,2.3,-,Ligue 1,2016/2017
158,Nicolas Pallois,Bordeaux,D(C),31,2790,2,1,8,2,0.4,79.4,1.5,1,6.91,2.2,1.4,0.8,0.8,6.5,0.5,0.6,-,0.2,0.4,0.7,0.1,0.3,0.3,44.9,-,4.9,-,Ligue 1,2016/2017
159,Nicolas Saint-Ruf,Montpellier,D(C),7,621,-,1,-,-,0.1,85.3,1.7,-,6.90,1.1,1.9,0.7,1.1,5.4,0.3,0.6,-,0.1,-,1.1,0.1,0.3,-,36,-,4.3,-,Ligue 1,2016/2017
160,Damien da Silva,Caen,D(C),36,3169,-,1,3,2,0.4,78.2,3,-,6.90,2.2,2.1,0.9,0.1,4.5,0.5,0.5,1,0.2,0.5,0.9,-,0.3,0.4,41.8,-,4.4,-,Ligue 1,2016/2017
161,Léo Lacroix,Saint-Etienne,D(C),18(2),1679,-,-,6,-,0.4,86,2.7,-,6.90,1,2,1.3,0.5,7.8,0.2,0.6,-,0.1,0.3,0.4,0.1,0.1,0.6,40.5,-,2.5,-,Ligue 1,2016/2017
162,Dante,Nice,D(C),33,2970,-,3,5,-,0.2,94.1,1.8,1,6.90,1.1,1.2,0.8,0.5,4.7,0.6,0.8,-,0.2,0.2,0.6,-,0.1,0.2,65.5,-,3.8,0.1,Ligue 1,2016/2017
163,Malcom,Bordeaux,AM(CLR),33(4),2742,7,4,2,-,1.8,79.8,0.7,-,6.90,0.8,0.5,0.5,-,0.1,0.8,0.1,-,1.4,1.1,1.5,0.2,1.5,1.6,26,1.1,0.9,0.1,Ligue 1,2016/2017
164,Danijel Subasic,Monaco,GK,36,3240,-,-,1,-,-,63.1,0.2,-,6.90,-,-,-,-,0.5,-,-,-,-,0.1,0.2,-,-,-,25.3,-,6.9,-,Ligue 1,2016/2017
165,Valentín Vada,Bordeaux,M(C),25(3),1896,6,2,4,-,1.1,85,0.6,2,6.90,1.6,0.9,1,-,0.6,1.3,0.1,-,1.5,0.7,0.9,0.1,1.1,1.2,43.4,0.8,2.1,-,Ligue 1,2016/2017
166,Thiago Motta,PSG,M(C),25(5),2228,-,-,7,1,0.4,92.2,1.9,2,6.89,1.9,1.1,1.4,-,1.5,0.7,0.1,-,0.7,0.2,0.5,-,0.4,0.4,91.5,-,5,-,Ligue 1,2016/2017
167,Emiliano Sala,Nantes,FW,29(5),2567,12,4,6,-,2,61.3,2.8,4,6.89,1,0.4,2,-,1,0.6,0.1,-,0.9,0.7,1.4,1,2.1,2.3,21.8,-,0.2,-,Ligue 1,2016/2017
168,Alassane Plea,Nice,FW,22(3),1850,11,2,1,-,2.9,81.4,0.8,1,6.89,0.8,0.4,1.4,-,0.6,0.4,-,-,1,0.9,1.4,0.8,2.2,2.4,23.7,0.1,0.7,0.1,Ligue 1,2016/2017
169,Jimmy Briand,Guingamp,FW,32(2),2884,12,5,2,-,2.1,73.6,1.7,-,6.88,0.8,0.4,1,-,1,0.8,0.1,-,0.9,0.8,2.1,0.4,2.1,3.4,28.1,0.2,0.7,0.1,Ligue 1,2016/2017
170,Jimmy Cabot,Lorient,M(LR),11(14),1270,5,4,1,-,1,76.5,-,3,6.88,1.4,0.5,0.5,-,0.2,0.8,-,-,1.1,1.6,0.6,-,1.4,1.3,20.2,1.7,1.4,0.1,Ligue 1,2016/2017
171,Benoit Pedretti,Nancy,M(C),21(5),1873,1,2,7,1,0.8,77.9,0.7,2,6.88,2.3,1.2,1.5,-,0.7,1.5,0.2,-,1.9,0.2,0.9,-,0.9,0.9,47.2,1.5,4.6,0.2,Ligue 1,2016/2017
172,Joffrey Cuffaut,Nancy,D(R),29(1),2570,1,1,8,-,0.6,80.4,1.1,1,6.88,2.6,1.7,1,0.2,3.8,0.6,0.3,1,0.2,1,1.3,0.1,0.7,1,31.8,0.4,1.6,-,Ligue 1,2016/2017
173,Moustapha Diallo,Guingamp,M(C),22(4),1751,5,2,7,1,1.9,74.9,3.7,-,6.88,1.5,1.3,2.1,-,1.3,0.8,0.2,-,0.4,0.1,1.7,0.5,0.8,0.9,21.5,-,0.8,-,Ligue 1,2016/2017
174,Matthieu Dreyer,Caen,GK,2,180,-,-,-,-,-,54.3,0.5,-,6.88,-,-,0.5,-,3.5,-,-,-,-,-,-,-,-,-,35,-,12,-,Ligue 1,2016/2017
175,Casimir Ninga,Montpellier,FW,6(3),515,5,2,2,-,2,69.6,1.2,2,6.87,0.8,0.4,1.6,-,0.3,0.7,-,-,0.6,0.9,0.2,0.4,2.2,1.8,13.9,0.1,0.6,-,Ligue 1,2016/2017
176,Martin Braithwaite,Toulouse,FW,33(1),2948,11,3,7,-,2.9,75,1.5,2,6.87,0.6,0.4,1.5,-,0.5,0.3,0.1,-,0.7,1.1,1.6,0.3,1.1,2.1,17.5,0.1,0.5,-,Ligue 1,2016/2017
177,Mickaël Nadé,Saint-Etienne,D(C),1,90,-,-,-,-,-,73.5,5,-,6.87,2,1,2,-,6,1,2,-,-,1,1,-,-,1,49,-,4,-,Ligue 1,2016/2017
178,Vincent Rüfli,Dijon,D(LR),17(2),1482,-,2,8,-,0.5,74.8,0.6,-,6.87,3.2,1.9,1.2,0.2,2.4,1.4,0.3,-,0.6,0.1,1.5,-,0.9,0.8,27.7,0.3,1.8,-,Ligue 1,2016/2017
179,Ibrahim Amadou,Lille,DMC,34(1),2956,1,1,4,-,0.5,87.4,1.6,1,6.87,2.5,1.6,1,0.1,2,1.1,0.3,-,0.4,0.7,0.5,-,0.6,0.7,56.4,0.1,3.6,0.1,Ligue 1,2016/2017
180,Grzegorz Krychowiak,PSG,M(C),7(4),659,-,-,2,-,0.5,92.8,2.2,-,6.87,1.7,1.6,1.1,0.1,2.7,0.4,0.3,-,0.3,0.2,1,-,0.5,0.5,55.3,-,3,-,Ligue 1,2016/2017
181,Diego Carlos,Nantes,D(C),34,2951,2,-,8,-,0.6,81.4,1.6,1,6.87,2.1,1.2,1.4,0.6,6,0.4,1.1,-,0.2,0.2,0.3,0.1,0.2,0.2,37.4,0.1,3.2,0.1,Ligue 1,2016/2017
182,Iván Balliu,Metz,M(R),26(1),2331,-,5,4,-,0.1,75.8,0.7,3,6.86,2.1,2.1,1,0.1,2.7,0.5,0.4,1,0.5,0.6,1.1,-,0.6,0.7,36.1,0.6,2,-,Ligue 1,2016/2017
183,Baptiste Reynet,Dijon,GK,37,3330,-,-,1,-,-,59.6,0.5,2,6.86,0.1,0.1,-,-,1.4,-,-,-,-,0.1,0.4,-,-,0.1,32.4,-,8.4,-,Ligue 1,2016/2017
184,Anthony Walongwa,Nantes,D(C),3,250,-,-,1,-,-,87.7,2,-,6.86,2,2,2,-,5.7,-,0.7,-,-,-,1,-,0.7,-,43.3,-,3.7,-,Ligue 1,2016/2017
185,Yunis Abdelhamid,Dijon,D(C),15(3),1314,-,-,3,-,0.5,82.9,2.1,-,6.86,2.2,2.2,1.2,0.4,3.9,0.7,0.7,-,0.2,0.6,0.4,0.1,0.4,0.6,37.3,-,2.7,-,Ligue 1,2016/2017
186,Anthony Lopes,Lyon,GK,36,3240,-,1,-,-,-,70,0.3,1,6.86,-,0.2,-,-,1,-,-,-,0.1,-,0.2,-,-,-,28.2,-,5.5,-,Ligue 1,2016/2017
187,Stéphane Sessegnon,Montpellier,M(CLR),26(1),2316,2,2,4,1,1.7,85.9,1,1,6.85,1,0.6,0.7,-,0.4,0.4,-,-,1.3,2.5,1.8,0.1,1.6,1.6,49.3,0.4,4,0.1,Ligue 1,2016/2017
188,Lucas Deaux,Guingamp,DMC,35(3),3079,2,5,4,-,0.5,79,2.6,1,6.85,2.5,1.3,1.9,-,1.1,2.1,0.2,-,0.6,0.6,0.6,0.1,1,1.3,44.3,0.2,3.4,0.1,Ligue 1,2016/2017
189,Oussama Haddadi,Dijon,M(L),12(1),1078,-,2,2,-,0.4,74.1,0.7,-,6.85,2.7,1.9,1.3,0.1,1.9,1.7,0.6,-,1.3,0.5,0.1,0.1,0.9,1.3,34.5,1.3,2.2,-,Ligue 1,2016/2017
190,Yassine Benzia,Lille,FW,21(4),1641,3,3,3,-,1.4,81.5,0.7,1,6.85,1.7,0.6,1.8,-,0.4,1.2,-,-,1.4,1.3,2,0.1,2.2,1.8,29.6,0.4,2,0.1,Ligue 1,2016/2017
191,Youssouf Koné,Lille,M(L),2,180,-,-,-,-,0.5,83.1,1,-,6.85,2.5,3.5,-,1,1,2,-,-,0.5,1,0.5,-,2,1.5,35.5,-,2,-,Ligue 1,2016/2017
192,Adama Traoré,Monaco,M(CR),4(1),281,2,-,1,-,1.2,87.8,0.4,-,6.85,0.6,1.4,1.6,-,0.6,1.2,0.2,-,0.2,0.4,1.4,-,0.6,2.4,23,-,0.4,-,Ligue 1,2016/2017
193,Yoan Cardinale,Nice,GK,36,3206,-,-,2,-,-,76.8,0.2,-,6.85,-,0.1,-,-,0.4,-,-,-,-,0.1,0.2,-,-,-,27.7,-,6.2,-,Ligue 1,2016/2017
194,Frank Anguissa,Marseille,M(C),11(10),1180,-,1,2,-,0.5,87.7,1.1,-,6.84,2,1.7,1.5,-,1.1,1.9,0.1,-,0.5,1.1,0.7,-,1.4,0.8,34.4,-,0.9,-,Ligue 1,2016/2017
195,Nabil Dirar,Monaco,M(CR),8(10),865,1,3,2,-,0.7,81.8,0.9,2,6.84,0.9,0.4,1,-,0.2,0.6,0.1,-,1.3,1.4,0.4,-,1.2,1.2,24.2,0.7,0.8,-,Ligue 1,2016/2017
196,Wesley Lautoa,Lorient,DMC,18(3),1514,1,-,6,-,0.3,86,2.2,2,6.84,2.7,2.5,1.7,0.1,2,1.1,0.4,-,0.1,0.3,1.2,-,0.7,0.6,39.1,-,2,-,Ligue 1,2016/2017
197,Andy Delort,Toulouse,FW,15,1227,5,-,-,-,2.7,63.1,4.2,-,6.84,0.5,-,1.9,-,0.3,0.5,0.1,-,0.3,1,1.4,0.5,1.7,3,25.1,0.1,0.6,0.1,Ligue 1,2016/2017
198,Jérémy Sorbon,Guingamp,D(C),33,2946,1,-,1,-,0.3,88.2,1.8,-,6.84,1,1.7,0.5,0.8,4.8,0.3,0.6,-,0.1,0.5,0.6,-,0.1,0.3,39.4,-,4.6,-,Ligue 1,2016/2017
199,Jean-Louis Leca,SC Bastia,GK,33,2927,-,-,5,1,-,44.5,0.5,2,6.83,-,0.1,0.1,-,0.7,0.1,-,-,-,-,0.3,-,-,0.1,31.1,-,9.4,-,Ligue 1,2016/2017
200,Dorian Lévêque,Guingamp,D(LR),2,166,-,-,1,-,0.5,81.7,3,-,6.83,4,3.5,1,-,2.5,0.5,0.5,-,-,-,2.5,-,0.5,1,30,-,1.5,-,Ligue 1,2016/2017
201,Julian Palmieri,Lille,M(L),16(6),1510,1,2,3,1,0.1,80.6,0.7,-,6.83,2,2.6,1,0.1,1,1.4,-,-,0.7,1.4,1,-,1.1,0.7,33.3,0.5,1.3,-,Ligue 1,2016/2017
202,Gaëtan Laborde,Bordeaux,FW,21(15),2027,6,5,3,-,1.5,66.4,2.6,3,6.83,0.9,0.2,1,-,0.4,0.6,-,-,0.8,1,0.7,0.3,1.7,1.7,16.6,0.3,0.3,-,Ligue 1,2016/2017
203,Mehdi Tahrat,Angers,DMC,3(4),295,-,-,2,-,0.7,70.7,2.9,-,6.83,1.9,1.9,0.9,-,1.6,0.3,-,-,-,0.7,1,-,-,0.6,22.4,-,0.6,-,Ligue 1,2016/2017
204,Simon Falette,Metz,D(C),35,3090,3,1,7,-,0.7,79.6,1.5,-,6.83,0.8,2.6,1.1,0.4,5.4,0.3,0.9,-,0.3,0.4,0.9,-,0.2,0.5,31.6,-,4,-,Ligue 1,2016/2017
205,Frédéric Sammaritano,Dijon,AM(CLR),23(8),1902,4,4,3,-,1.5,80.5,0.1,1,6.82,1.1,0.4,0.5,-,0.4,1.4,0.1,-,1.7,0.9,1,0.1,1.5,0.9,25.5,1.6,1,-,Ligue 1,2016/2017
206,Kévin Théophile-Catherine,Saint-Etienne,D(CLR),30(1),2729,-,2,3,-,0.1,78,2.1,-,6.82,1.2,1.8,1,0.6,4.3,0.5,0.6,-,0.3,0.3,0.6,0.1,0.4,0.4,42.9,0.1,2.9,-,Ligue 1,2016/2017
207,Grégory Bourillon,Angers,DMC,4(1),345,1,-,1,-,1,77.9,0.8,-,6.82,1.4,1,0.6,0.2,3.4,0.2,0.4,-,-,-,0.2,-,-,0.2,29.8,-,1.6,-,Ligue 1,2016/2017
208,Benjamin Angoua,Guingamp,D(CR),6(1),538,-,1,-,-,-,76.5,2.3,-,6.82,1.1,1.9,1.4,0.1,5.1,0.9,0.4,-,0.1,0.3,0.6,-,-,0.1,25.6,-,1.3,-,Ligue 1,2016/2017
209,François Kamano,Bordeaux,FW,17(13),1688,6,4,4,-,2.2,79.1,0.3,3,6.81,0.8,0.4,1.2,-,0.3,0.6,-,-,0.6,1.4,1.1,0.3,1.4,1.8,15.7,0.1,0.2,0.1,Ligue 1,2016/2017
210,Younès Belhanda,Nice,FW,28(3),2541,3,6,8,1,1.1,83.5,0.5,2,6.81,1.4,0.4,1.5,-,0.3,0.9,0.1,-,1.4,1,1.3,0.2,2.1,2,45.8,-,0.8,0.2,Ligue 1,2016/2017
211,Cedric Varrault,Dijon,D(C),32,2796,3,-,3,2,0.7,82.7,2.8,-,6.81,1.3,1.5,0.9,0.6,5.4,0.3,0.5,-,0.1,0.3,1.3,-,0.3,0.4,38.4,-,2.7,-,Ligue 1,2016/2017
212,Baptiste Santamaría,Angers,DMC,35(2),3076,-,-,2,-,0.9,80.9,1.7,-,6.81,2.7,1.9,1.3,0.1,1.4,1.5,0.3,1,0.3,0.6,1.4,-,0.9,1.3,43.5,0.1,3.1,-,Ligue 1,2016/2017
213,Syam Ben Youssef,Caen,D(C),14(3),1291,-,-,6,-,0.3,81.1,3.4,1,6.81,2.1,3.4,1.2,0.4,4.1,1.3,0.4,-,0.1,0.1,0.3,0.1,0.2,0.4,38.6,-,3.1,-,Ligue 1,2016/2017
214,Faitout Maouassa,Nancy,M(LR),13(1),1044,3,3,3,1,1.8,62.4,0.9,1,6.81,1.4,0.8,1.6,0.1,1.2,0.4,0.3,-,0.6,1.1,1,0.3,1,1.6,14.4,0.4,0.3,-,Ligue 1,2016/2017
215,Marcus Coco,Guingamp,FW,31(3),2629,4,2,6,-,1,74,2,1,6.81,1.6,0.7,1.5,-,0.4,1.2,0.1,-,1,1.4,1.2,0.4,1.8,2.7,25.7,0.4,0.6,-,Ligue 1,2016/2017
216,Issa Diop,Toulouse,D(C),30,2700,2,2,9,-,0.3,73.9,1.5,-,6.81,1.6,1.6,0.9,1.1,3.9,0.6,0.7,-,0.2,0.5,0.7,-,0.2,0.4,31.6,-,2,-,Ligue 1,2016/2017
217,Issa Cissokho,Angers,M(R),13,1159,-,2,2,1,0.4,79.1,1.3,-,6.81,1.5,1.8,0.8,0.4,3,0.5,0.2,-,0.5,0.5,0.8,-,0.7,0.7,41.2,0.5,2.8,0.1,Ligue 1,2016/2017
218,Jérôme Roussillon,Montpellier,M(L),31(1),2747,1,1,3,-,0.5,82,0.4,1,6.80,2.1,1.3,0.6,0.5,2.6,0.7,0.3,-,1.1,1,1.1,-,0.9,0.8,35.5,0.8,1.6,-,Ligue 1,2016/2017
219,Benoît Costil,Rennes,GK,38,3420,-,1,1,-,-,51.7,0.5,2,6.80,-,-,-,-,1.1,-,-,-,-,-,0.1,-,-,-,29.8,-,9.6,-,Ligue 1,2016/2017
220,Habib Maïga,Saint-Etienne,M(R),4(1),297,-,-,-,-,0.8,75.7,2,-,6.80,0.8,1.8,1.4,-,2.2,1.4,0.2,-,0.2,1.6,-,-,1,1.2,27.2,0.6,0.6,-,Ligue 1,2016/2017
221,Erwin Koffi,Lorient,D(R),11(1),1000,-,1,-,-,0.5,81.1,1,-,6.80,1.8,2.1,0.5,0.1,3.3,0.3,0.1,-,0.7,1.2,0.9,-,0.9,0.8,35.3,0.8,1.5,-,Ligue 1,2016/2017
222,Pablo Martinez,Angers,D(CL),6(3),625,-,-,4,-,0.4,78.4,2.2,-,6.80,2.8,1.3,0.9,0.1,3.4,1.3,0.4,-,0.4,0.1,1.3,0.1,0.4,0.7,25.8,0.1,2,-,Ligue 1,2016/2017
223,Malang Sarr,Nice,D(CL),25(2),2209,1,1,4,-,0.2,89.8,1,1,6.80,1.3,2.1,0.7,0.6,3.1,0.9,0.2,-,0.2,0.3,0.5,-,0.2,0.4,62.5,-,3.8,-,Ligue 1,2016/2017
224,Ibrahim Sangaré,Toulouse,DMC,3(2),262,-,-,1,-,0.4,69.7,0.8,-,6.80,4.2,1.6,1.2,-,0.6,1.2,0.4,-,0.2,0.8,1,-,0.4,0.6,21.8,-,1,-,Ligue 1,2016/2017
225,Amine Harit,Nantes,FW,23(7),2189,1,1,4,1,1,82.4,0.3,-,6.79,1.1,0.9,0.8,-,0.1,0.8,-,-,1.2,2.9,2.7,0.1,2.6,2.5,36.2,0.3,1.5,-,Ligue 1,2016/2017
226,Enzo Crivelli,SC Bastia,FW,23,1994,10,1,5,1,1.4,66.5,4.9,2,6.79,0.7,0.2,1.9,0.1,0.6,0.4,0.1,-,0.9,0.3,1.6,0.4,2.3,3,21.4,-,0.3,-,Ligue 1,2016/2017
227,Georges Mandjeck,Metz,M(C),27(2),2339,3,-,7,-,0.6,78.1,2.1,-,6.79,2.1,1.7,2,-,1.3,1.4,0.1,-,0.5,1,1.9,-,0.9,0.9,34.8,-,2.7,0.1,Ligue 1,2016/2017
228,Lukas Pokorny,Montpellier,D(C),12(1),1088,-,-,2,-,0.2,86.6,2,-,6.79,1.1,1.3,0.7,0.6,6.6,0.6,0.6,-,0.1,0.2,0.4,0.1,0.2,0.2,41.2,-,4.2,-,Ligue 1,2016/2017
229,Steeve Yago,Toulouse,D(CLR),21(1),1862,-,-,13,-,-,72.4,1.2,-,6.79,2.3,2.1,1.6,1.1,3.3,0.8,0.4,-,0.2,0.5,1.1,-,0.3,0.5,35.5,0.1,2,-,Ligue 1,2016/2017
230,Modou Diagne,Nancy,D(C),21(1),1846,1,-,1,1,0.5,79.4,1.5,-,6.79,1.4,2.2,0.6,0.6,5.1,0.7,0.7,-,0.2,0.2,0.3,0.1,-,0.1,31.4,-,3.6,-,Ligue 1,2016/2017
231,Thomas Didillon,Metz,GK,32,2880,-,-,-,-,-,49.6,0.6,2,6.79,-,-,-,-,1.5,0.1,-,-,0.1,-,0.2,-,-,0.1,28.4,-,9.6,-,Ligue 1,2016/2017
232,Romain Thomas,Angers,D(C),36,3208,1,-,5,1,0.3,85.7,2.4,1,6.78,1.3,1.7,0.7,0.6,5.8,0.4,0.6,-,0.1,0.1,0.3,0.1,0.1,0.2,43,-,4.2,-,Ligue 1,2016/2017
233,Guy Ndy Assembé,Nancy,GK,23,2046,-,-,-,-,-,46.9,0.6,1,6.78,-,0.1,-,-,1.4,-,-,-,-,-,0.2,-,-,0.1,29,-,7,-,Ligue 1,2016/2017
234,Yannick Cahuzac,SC Bastia,DMC,28,2339,1,-,5,4,0.8,84.1,1.6,3,6.78,2.2,3.3,1.9,-,2.3,0.8,0.4,-,0.4,0.5,1.2,0.1,0.6,0.7,36.3,-,1.6,-,Ligue 1,2016/2017
235,Romain Danzé,Rennes,M(CR),34(1),3091,-,2,2,-,0.2,76.7,1.5,1,6.78,1.8,1.9,0.9,0.5,2.8,0.7,0.4,-,0.7,0.4,0.3,-,0.3,0.5,47.9,0.4,2.4,-,Ligue 1,2016/2017
236,Yann Bodiger,Toulouse,DMC,23(6),1841,1,3,7,1,0.7,71.7,1.3,-,6.78,2.2,1.4,1.3,-,1.3,1.2,0.5,-,0.9,0.5,0.7,-,0.8,1,31.4,0.4,2.2,-,Ligue 1,2016/2017
237,Clement Michelin,Toulouse,M(R),6(2),481,-,-,1,-,0.4,67.4,1.3,-,6.78,1.9,2.1,1,0.5,1.8,0.6,0.1,-,0.1,0.4,0.6,0.1,0.4,0.6,16.1,1,0.6,-,Ligue 1,2016/2017
238,Étienne Didot,Guingamp,M(C),26(2),2146,1,1,6,-,0.3,79.5,0.6,2,6.78,2.1,1.3,1.3,0.1,1.2,1.2,0.4,-,1.3,0.4,1,0.1,1.2,1.1,52.1,1,4.4,0.1,Ligue 1,2016/2017
239,Erick Cabaco,Nancy,D(C),18(2),1612,-,1,1,1,0.6,70.8,2.2,1,6.78,1.5,2,0.7,0.8,5.4,0.7,0.8,-,0.1,-,0.8,0.1,-,0.3,30.6,-,4.1,-,Ligue 1,2016/2017
240,Franck Béria,Lille,D(CLR),27(1),2329,1,-,6,1,0.5,79.1,2.6,-,6.77,1,2,1.7,0.3,3.3,0.2,0.4,-,0.5,0.3,1.1,-,0.4,1,34.9,0.3,1,-,Ligue 1,2016/2017
241,Emmanuel Imorou,Caen,D(L),8(1),700,-,-,1,-,0.3,77.7,1.6,-,6.77,1.9,2.3,1.1,-,3.4,0.8,0.4,-,0.4,0.3,1.1,-,0.1,0.2,25.9,0.3,1.2,-,Ligue 1,2016/2017
242,Oussama Tannane,Saint-Etienne,FW,14(3),1285,1,1,2,1,1.8,77.2,0.3,1,6.77,1.8,0.6,2.1,-,0.2,0.6,-,-,1.2,1.8,2.1,0.2,1.9,2.7,24.8,1.2,0.9,0.1,Ligue 1,2016/2017
243,Vincent Bessat,Caen,M(L),31(6),2814,-,6,3,-,0.6,78.2,0.9,1,6.76,1.7,1.6,0.6,0.2,1.2,1.2,0.1,1,1.4,1.1,0.4,0.1,0.9,1.2,33,1.8,1,-,Ligue 1,2016/2017
244,Benjamin Lecomte,Lorient,GK,31,2790,-,-,-,-,-,59.5,0.5,2,6.76,-,-,-,-,1.2,0.1,-,-,-,-,0.2,-,-,-,31.6,-,7.9,-,Ligue 1,2016/2017
245,Majeed Waris,Lorient,FW,31(4),2842,9,5,5,-,2.3,78.5,1,1,6.76,1.1,0.3,1.2,-,0.1,0.4,-,-,0.8,1.2,1.9,0.5,3.1,2.4,21.2,0.1,0.4,-,Ligue 1,2016/2017
246,Firmin Ndombe Mubele,Rennes,FW,13(2),1166,3,-,-,-,1.9,72.1,0.4,-,6.76,1.2,0.3,0.9,-,0.4,1,0.1,-,0.7,1.3,2.1,0.6,2.1,2.9,19.3,0.5,0.4,0.1,Ligue 1,2016/2017
247,Opa Nguette,Metz,FW,26(7),2232,2,2,4,-,0.6,74.6,1.2,1,6.76,2.1,0.7,1.2,-,0.3,0.6,0.1,-,0.6,2,1.4,0.1,1.7,2.8,15.4,0.1,0.2,-,Ligue 1,2016/2017
248,Alban Lafont,Toulouse,GK,36,3240,-,-,5,-,-,48.2,0.3,1,6.76,0.1,0.1,0.1,-,1,-,-,-,-,0.1,0.3,-,-,-,28.9,-,8.5,-,Ligue 1,2016/2017
249,Ivan Santini,Caen,FW,34,2888,15,2,7,-,2.1,66.1,3.4,2,6.76,0.5,0.2,2.4,-,0.6,0.6,0.1,-,0.7,0.3,2.2,0.4,1.4,2.9,24.3,-,0.2,-,Ligue 1,2016/2017
250,Kelvin Amian,Toulouse,M(R),20(2),1777,-,-,1,-,0.3,76.5,1.2,-,6.76,2.3,1.2,0.7,0.7,2.8,0.8,0.3,-,0.4,0.7,0.5,-,0.9,0.6,24.4,0.4,1.2,-,Ligue 1,2016/2017
251,Jordan Ikoko,Guingamp,D(LR),25(2),2323,-,1,3,-,0.2,83.9,0.5,-,6.75,1.5,1.6,0.7,0.2,2.1,0.6,0.1,-,0.4,1,0.8,0.1,0.8,1.1,31.5,0.6,1.6,-,Ligue 1,2016/2017
252,Sébastien Squillaci,SC Bastia,D(C),10,856,-,1,2,-,0.2,83.2,1.9,-,6.75,0.5,1.4,0.6,0.6,6.6,0.4,0.4,-,0.4,-,1.2,-,-,0.3,28.5,-,2.5,-,Ligue 1,2016/2017
253,Koffi Djidji,Nantes,D(CL),28,2494,-,-,7,-,0.3,78.1,1.3,-,6.75,2.3,2.1,1.3,0.9,4.9,0.4,0.7,-,-,0.2,0.3,0.1,0.1,0.4,34.9,-,2.6,-,Ligue 1,2016/2017
254,Maciej Rybus,Lyon,M(LR),13(5),1147,-,1,1,-,0.7,84.3,1,-,6.75,1.5,1.5,1.2,0.2,1.7,0.4,-,-,0.7,0.7,0.7,0.2,1.1,1,31.6,0.7,0.8,-,Ligue 1,2016/2017
255,Xeka,Lille,M(C),13,1127,1,2,2,-,1.4,81.9,1.3,1,6.74,1.8,1.2,1.3,0.1,1,1.9,0.2,-,0.7,0.5,1.4,-,1.1,1.5,48.5,-,3.2,0.1,Ligue 1,2016/2017
256,Cheikh M'Bengue,Saint-Etienne,M(L),15,1183,-,1,4,-,0.2,76,1.7,-,6.74,1,2.1,1.1,0.1,2.4,0.4,0.1,-,0.6,0.2,0.4,0.2,0.3,0.7,33.3,0.5,1.4,-,Ligue 1,2016/2017
257,Grégory Sertic,Bordeaux,M(C),15(2),1366,1,-,2,-,0.6,84.1,1.2,-,6.74,1.2,1.2,0.9,0.2,3.4,0.5,0.6,-,0.5,0.2,0.8,0.1,0.4,0.3,54.2,0.1,3.9,-,Ligue 1,2016/2017
258,Vukasin Jovanovic,Bordeaux,D(C),8,705,-,-,3,-,0.4,83.7,1.6,-,6.74,1.1,2.5,1.1,0.6,4.5,0.6,0.1,-,0.3,0.4,0.8,-,0.4,0.1,40.6,-,3,-,Ligue 1,2016/2017
259,Ole Selnæs,Saint-Etienne,M(L),23(3),2068,-,-,4,-,0.5,83.9,0.6,-,6.74,2.5,1.7,1,0.1,1.4,1.2,0.3,-,0.4,0.5,0.5,-,0.7,0.6,46.1,0.1,3.7,-,Ligue 1,2016/2017
260,Jonathan Rivierez,Metz,D(LR),14(2),1252,-,1,3,-,0.1,76.9,0.6,-,6.73,2.5,2.3,1,0.4,2.1,1.4,0.4,-,0.4,0.9,0.3,-,0.4,0.5,24.9,0.4,2,-,Ligue 1,2016/2017
261,Giovanni Sio,Rennes,FW,32(2),2696,9,1,6,-,2.3,76.3,1.7,1,6.73,0.5,0.1,2,-,0.3,0.2,-,-,0.8,1,1,0.9,1.7,2.9,29.1,0.3,0.6,0.1,Ligue 1,2016/2017
262,Maxime Le Marchand,Nice,D(CL),8(2),705,-,-,1,-,-,92.6,1.6,-,6.73,0.8,1.4,0.9,0.3,3.7,0.6,0.8,1,0.1,0.6,0.5,-,0.1,0.3,60.6,0.1,2.8,-,Ligue 1,2016/2017
263,Yoann Andreu,Angers,D(LR),16,1368,-,-,3,-,0.4,80.1,1.3,1,6.73,1.4,2.1,0.7,0.3,2.1,0.4,0.3,-,0.3,0.6,0.8,0.1,0.6,1.1,35.4,0.6,1.4,-,Ligue 1,2016/2017
264,Vincent Manceau,Angers,D(CLR),32(1),2865,1,-,5,-,0.6,78.5,0.8,-,6.73,2.2,1.6,0.6,0.4,2,0.9,0.2,-,1,0.3,0.9,0.1,0.3,0.6,38.8,0.4,2.3,-,Ligue 1,2016/2017
265,Famara Diédhiou,Angers,FW,28(3),2286,8,1,6,-,1.8,68.7,3.1,1,6.72,0.5,0.3,1.5,-,0.4,0.7,0.1,-,1,1,1.1,0.5,1.9,2.8,20.8,0.2,0.5,-,Ligue 1,2016/2017
266,Olivier Boscagli,Nice,DMC,0(1),41,-,-,-,-,-,86.7,-,-,6.72,6,2,-,-,-,1,-,-,-,-,-,-,-,1,30,-,-,-,Ligue 1,2016/2017
267,Giovani Lo Celso,PSG,FW,1(3),81,-,2,1,-,0.8,80.3,-,-,6.72,-,0.3,0.5,-,-,0.5,-,-,0.5,0.8,0.3,-,0.3,0.3,17.8,-,1.8,0.3,Ligue 1,2016/2017
268,Morgan Amalfitano,Rennes,M(CLR),6,405,1,-,-,-,1,78.8,0.7,-,6.72,0.8,1.2,1.2,-,0.2,0.7,-,-,1,0.5,0.7,-,2.5,1.2,27.5,1.3,0.3,0.3,Ligue 1,2016/2017
269,Jonathan Martins Pereira,Guingamp,D(R),12(1),1011,-,-,3,1,0.3,81.5,1.4,-,6.72,2.5,2,1.4,0.1,2.5,0.8,0.2,-,0.9,0.4,0.7,0.1,0.4,0.8,44,0.5,1.8,-,Ligue 1,2016/2017
270,Thomas Touré,Bordeaux,FW,5(1),369,-,1,2,-,0.8,75.7,1.3,-,6.71,1.8,0.3,1,-,0.2,0.2,0.2,-,1.3,0.7,1.2,-,1.8,2,23.3,0.7,1.3,-,Ligue 1,2016/2017
271,Sanjin Prcic,Rennes,M(C),22(3),1856,1,-,2,1,1.2,86,0.8,-,6.71,1.2,1.7,2.1,-,1.1,1.1,0.3,-,1,0.2,0.5,-,0.2,0.6,49.2,0.7,5,-,Ligue 1,2016/2017
272,Rachid Ghezzal,Lyon,AM(CLR),14(11),1287,2,2,1,1,1.6,77.8,0.4,1,6.71,0.9,0.4,1,-,0.5,1.2,-,-,0.8,1.5,1,0.2,1.1,2.1,25.2,0.7,1.3,0.2,Ligue 1,2016/2017
273,Pedro Mendes,Rennes,D(CR),19,1667,-,-,7,-,0.4,81,1.6,-,6.71,0.9,1.9,0.9,0.7,3.8,0.6,0.6,-,0.1,0.3,1.3,-,0.4,0.1,39.8,0.1,2.8,-,Ligue 1,2016/2017
274,Steven Moreira,Rennes,M(R),1,90,-,-,-,-,1,84.6,1,-,6.71,3,2,-,-,-,2,-,-,2,-,-,-,2,-,52,1,1,-,Ligue 1,2016/2017
275,Maxime Poundjé,Bordeaux,D(L),7,586,-,-,-,-,0.4,73.7,1.9,-,6.71,0.7,1.4,0.9,-,1.7,0.4,0.1,-,0.3,1.4,1,0.1,0.4,0.3,29.9,0.4,1.1,-,Ligue 1,2016/2017
276,Cédric Carrasso,Bordeaux,GK,24,2160,-,-,-,-,-,57.6,0.3,1,6.71,-,-,-,-,0.9,0.1,-,-,-,-,-,-,-,-,26.5,-,5.4,-,Ligue 1,2016/2017
277,Guido Carrillo,Monaco,FW,5(14),585,7,1,-,-,1.1,68.9,1.7,1,6.71,0.4,0.1,0.6,-,0.7,0.2,0.1,-,0.3,0.1,0.2,0.1,0.4,0.6,8.5,-,0.2,0.1,Ligue 1,2016/2017
278,Mapou Yanga-Mbiwa,Lyon,D(CR),23(1),2042,-,-,7,-,0.3,88.7,1.2,-,6.71,1.5,1.8,1.1,0.8,4,0.2,0.3,-,-,0.2,0.7,-,0.2,0.4,55.4,-,3.8,-,Ligue 1,2016/2017
279,Ismaïla Sarr,Metz,FW,20(11),1941,5,1,2,-,0.9,69.5,0.8,-,6.70,0.8,0.8,0.8,-,0.5,0.6,0.1,-,0.8,1.7,1.8,0.1,1.5,2.1,14.2,0.3,0.3,-,Ligue 1,2016/2017
280,Vincent Le Goff,Lorient,M(L),37(1),3335,1,1,5,-,0.3,85,1.1,-,6.70,1.8,2,0.8,0.3,2.2,0.4,0.1,-,0.4,0.8,0.4,-,0.8,0.6,47.9,0.1,2.4,-,Ligue 1,2016/2017
281,Éder,Lille,FW,28(3),2472,6,4,3,-,2.2,71.9,2.8,1,6.70,0.4,0.2,1.9,-,0.7,0.4,0.1,-,1.1,0.5,1.7,0.7,2,2.7,22.4,0.1,0.4,-,Ligue 1,2016/2017
282,Alexis Blin,Toulouse,DMC,26,2152,-,-,4,1,0.5,76.9,2.2,-,6.70,2.6,1.7,1.5,-,1.1,1.5,0.4,-,0.3,0.4,1,-,0.8,1.2,36.9,-,1.2,-,Ligue 1,2016/2017
283,Paul Lasne,Montpellier,M(CLR),16(8),1486,3,2,1,-,1.3,81.8,0.5,1,6.70,1.2,0.9,0.5,0.1,0.7,0.2,-,-,1.2,0.3,1.3,-,0.8,1,25.8,1,0.8,-,Ligue 1,2016/2017
284,Théo Pellenard,Bordeaux,D(L),5(1),458,-,-,1,-,0.2,67.3,1,-,6.70,1.8,1,1.5,-,2.7,0.3,0.2,-,0.3,0.3,0.3,-,1.2,1,34.2,0.2,1.5,-,Ligue 1,2016/2017
285,William Remy,Montpellier,DMC,8(7),942,-,1,1,1,0.5,80.5,2.4,1,6.69,1.4,1.3,0.5,0.8,3.9,0.5,0.1,-,0.2,0.5,0.9,-,0.5,0.2,31.1,0.1,4.1,-,Ligue 1,2016/2017
286,Youssef Aït Bennasser,Nancy,DMC,23(3),1934,3,1,3,-,0.9,78.3,0.7,2,6.69,1.9,1.2,1,-,0.9,2,0.1,-,0.6,1.2,1,-,1.1,1.6,36.1,-,2.5,-,Ligue 1,2016/2017
287,Kévin Monnet-Paquet,Saint-Etienne,FW,27(7),2374,4,4,-,-,1.3,78,0.7,-,6.69,1.3,0.8,0.7,0.1,0.4,0.8,0.1,-,1.2,1,0.8,0.4,2.2,2.1,22.5,0.4,0.3,-,Ligue 1,2016/2017
288,Valentin Rosier,Dijon,M(LR),3,270,-,-,-,-,0.3,77.8,1,-,6.69,1,2,2,-,4,0.7,0.3,-,-,-,0.7,-,0.7,2,21,-,0.7,-,Ligue 1,2016/2017
289,Maxwel Cornet,Lyon,FW,19(14),1897,6,2,1,-,1.5,75.4,0.8,1,6.69,1.3,0.2,0.6,-,0.6,0.5,-,1,0.6,0.8,0.7,0.3,1,1.8,16.6,0.2,0.3,0.1,Ligue 1,2016/2017
290,Jaroslav Plasil,Bordeaux,M(C),26(11),2394,1,5,2,-,0.6,82.3,0.8,-,6.68,2.1,1.1,0.6,-,0.9,1.3,0.1,-,0.6,0.5,1.2,0.1,0.5,0.8,32,0.1,1.1,0.1,Ligue 1,2016/2017
291,Yann Jouffre,Metz,FW,14(6),1248,4,2,1,-,0.9,85.8,0.5,-,6.68,1.2,0.4,0.9,-,0.3,1.2,-,-,1.4,0.4,0.8,0.1,1.4,1.3,34.6,0.9,1.8,0.1,Ligue 1,2016/2017
292,Vincent Enyeama,Lille,GK,32,2855,-,-,4,-,-,59.6,0.3,2,6.68,-,0.1,0.1,-,1.2,0.1,-,-,0.1,0.1,0.1,-,-,-,28.7,-,8.1,-,Ligue 1,2016/2017
293,Baissama Sankoh,Guingamp,M(C),11(6),1045,-,-,3,-,0.1,85.4,1.5,-,6.68,1.1,1.7,1.1,0.1,2.2,0.3,0.8,-,0.2,0.6,1.1,-,0.3,0.9,26.5,0.2,1.5,-,Ligue 1,2016/2017
294,Kamil Grosicki,Rennes,AM(LR),9(7),989,4,3,-,-,1.9,72.6,0.2,1,6.68,0.2,0.3,0.1,-,0.3,0.7,-,-,1.6,1.1,0.2,0.1,1.1,1.8,23.1,1.7,0.3,0.1,Ligue 1,2016/2017
295,Walter Benítez,Nice,GK,2(1),214,-,-,-,-,-,88.9,0.3,-,6.68,-,-,-,-,1,-,-,-,-,-,-,-,-,-,18,-,2.3,-,Ligue 1,2016/2017
296,Moryke Fofana,Lorient,AM(LR),4(3),353,-,1,-,-,0.3,78.5,0.3,-,6.68,1,0.4,0.9,-,-,0.3,-,-,1,2.9,0.3,0.4,1.1,1.9,18.6,0.6,-,-,Ligue 1,2016/2017
297,Younousse Sankharé,Lille,M(C),17(4),1573,2,1,2,1,1,85,1.6,1,6.68,1.8,1,1.8,-,0.7,1.1,0.2,-,0.7,1,0.9,-,0.9,0.8,46.9,-,0.9,-,Ligue 1,2016/2017
298,Yrondu Musavu-King,Toulouse,D(C),3,270,-,-,-,-,0.3,76.5,1.7,-,6.67,0.7,2.3,0.3,-,5.3,-,0.3,-,0.7,-,0.7,-,-,0.7,28.3,-,2.3,-,Ligue 1,2016/2017
299,Mounir Obbadi,Nice,M(C),3(3),305,-,-,2,-,0.3,92.4,0.2,-,6.66,1.5,1.3,0.8,-,1,2,0.2,-,1,-,1.3,-,0.7,1,41.7,-,1.7,-,Ligue 1,2016/2017
300,Lassana Coulibaly,SC Bastia,M(CL),24(5),2188,-,2,4,-,1.2,79.3,1.1,-,6.66,2,1.1,0.8,-,0.5,1.6,0.2,-,0.6,1.3,1.7,-,1.3,1.3,31,0.1,1.6,-,Ligue 1,2016/2017
301,Afonso Figueiredo,Rennes,D(L),2(3),258,-,-,-,-,-,87.2,0.4,-,6.66,1.2,1,0.2,-,1.8,1.2,0.2,-,0.6,1.2,1.2,-,-,1,28.2,1,2,-,Ligue 1,2016/2017
302,Guido Milán,Metz,D(C),18(4),1732,1,-,2,-,0.3,77.9,1.4,-,6.66,1.2,1.6,0.5,0.3,6,0.7,1,-,0.1,0.1,0.1,0.1,0.2,0.1,24.7,-,2.5,-,Ligue 1,2016/2017
303,Daniel Congré,Montpellier,D(CLR),21(3),1814,1,-,2,1,0.4,86.2,2.3,2,6.65,1.3,2.1,0.9,0.8,4.2,0.6,0.4,-,0.1,0.3,0.8,-,0.2,0.3,36.5,-,3.6,-,Ligue 1,2016/2017
304,Jordan Adéoti,Caen,DMC,23(4),2120,-,-,3,-,0.4,82.2,1.5,-,6.65,2,1.9,1,0.3,2,1.3,0.1,-,0.3,0.8,0.8,-,0.3,0.7,40.1,-,3.7,-,Ligue 1,2016/2017
305,Rémy Cabella,Marseille,FW,17(12),1571,2,4,4,-,0.9,86,0.3,1,6.65,1.5,0.6,0.8,-,-,1.2,-,-,0.9,0.7,1,0.4,0.9,1.1,30.3,0.3,0.6,0.1,Ligue 1,2016/2017
306,Milan Gajic,Bordeaux,M(R),11(3),1136,-,-,5,-,0.2,74.1,0.5,-,6.65,2,1.1,0.9,0.1,1.7,0.9,0.2,-,0.9,0.6,0.4,0.2,0.9,0.9,30.6,0.6,1.7,-,Ligue 1,2016/2017
307,Corentin Jean,Toulouse,FW,16,1268,1,2,1,-,1.4,77,0.6,-,6.65,0.4,0.2,0.8,-,0.4,0.4,-,-,1.1,1,2.1,0.3,1.8,2.6,21.2,0.6,0.5,0.1,Ligue 1,2016/2017
308,Jonathan Delaplace,Caen,DMC,31(2),2646,-,4,3,-,1.2,78.6,0.2,-,6.65,2.1,1.2,1.1,-,0.8,1.5,0.2,-,0.9,0.7,1.1,0.1,0.8,1.1,30.6,0.5,1.4,-,Ligue 1,2016/2017
309,Dória,Marseille,D(C),14(9),1366,1,-,4,-,0.3,83.1,1.1,-,6.64,1,1.3,0.7,0.4,2.9,0.4,0.5,-,0.1,0.1,0.3,-,0.1,0.4,34.1,0.1,2,-,Ligue 1,2016/2017
310,Issiar Dia,Nancy,M(R),22(9),2005,8,3,3,-,1,69.9,0.4,1,6.64,0.5,0.4,0.7,-,0.3,0.5,-,-,0.5,1.6,1.5,0.4,1.3,2.2,14.1,0.3,0.3,0.1,Ligue 1,2016/2017
311,Mathieu Peybernes,Lorient,D(C),18,1532,-,-,5,-,0.2,81.3,1.2,-,6.64,1.3,2,0.9,0.7,5,0.4,0.3,-,0.1,0.2,1,-,0.2,0.5,45.2,-,2.8,-,Ligue 1,2016/2017
312,Sergey Chernik,Nancy,GK,15(2),1374,-,-,-,-,-,48.4,0.2,-,6.64,0.1,-,-,-,1,0.1,-,-,-,-,0.2,-,-,0.1,25.4,-,5.5,-,Ligue 1,2016/2017
313,Abou Diaby,Marseille,M(C),2,130,-,-,1,-,-,77.3,2,-,6.64,-,1.5,1,-,0.5,1.5,-,-,2.5,2,1,-,2,2,48.5,-,1.5,-,Ligue 1,2016/2017
314,Karim Coulibaly,Nancy,AM(L),6(3),562,-,-,-,-,1.2,76.5,1.3,-,6.64,1.2,0.8,0.9,-,0.3,0.1,-,-,0.7,1.7,0.3,-,1.6,2.7,18.4,0.4,0.3,-,Ligue 1,2016/2017
315,Maxime Dupé,Nantes,GK,16,1440,-,-,1,-,-,53.5,0.6,-,6.64,-,0.2,-,0.1,0.7,-,-,-,-,-,0.3,-,-,-,26.1,-,6.3,-,Ligue 1,2016/2017
316,Ádám Lang,Dijon,D(CR),18(1),1626,-,-,4,-,0.3,81.8,1.6,-,6.64,1.1,1.4,1.1,0.3,5.6,0.6,0.9,1,0.4,-,0.3,-,0.1,0.5,39.1,0.1,3.4,-,Ligue 1,2016/2017
317,Diego Rolan,Bordeaux,FW,19(10),1765,9,-,3,1,1.7,78.6,0.6,1,6.64,0.9,0.3,0.8,-,0.3,0.9,0.1,-,0.6,1,1.4,0.3,2,2,22.4,0.1,0.4,-,Ligue 1,2016/2017
318,Jonathan Ikoné,Montpellier,FW,7(7),666,1,1,1,-,1.8,75.7,0.4,-,6.63,0.4,0.1,0.2,-,0.2,0.4,0.1,-,0.8,2,0.4,-,1.8,1.6,14.7,0.4,0.3,0.1,Ligue 1,2016/2017
319,Henri Saivet,Saint-Etienne,FW,21(6),1772,1,2,3,-,1.3,78,1.2,-,6.63,1.1,0.7,0.4,-,0.4,0.8,0.1,-,0.8,0.7,0.9,0.1,1.1,1.1,28.2,0.3,2.1,0.1,Ligue 1,2016/2017
320,Benoit Assou-Ekotto,Metz,D(L),16(2),1479,-,1,-,2,0.4,73,0.8,2,6.63,1.1,2.3,1.1,0.1,2.2,0.4,0.1,-,0.4,0.6,1.1,0.1,0.5,0.6,32.5,0.8,3.7,-,Ligue 1,2016/2017
321,Andrea Raggi,Monaco,D(CLR),11(3),969,-,-,-,-,0.3,77.8,0.3,-,6.63,1.2,0.9,0.4,0.4,2.2,0.7,0.1,-,0.2,0.1,0.4,0.3,0.4,0.5,28.6,0.5,1.4,-,Ligue 1,2016/2017
322,Arnold Mvuemba,Lorient,DMC,31(1),2780,1,1,5,-,0.9,89.7,0.3,-,6.63,1.5,0.8,0.8,-,0.3,1.1,0.1,-,1.2,1.3,0.5,-,1.3,1.2,52.8,0.7,3,-,Ligue 1,2016/2017
323,Karl-Johan Johnsson,Guingamp,GK,37,3279,-,2,1,1,-,54.9,0.2,-,6.63,-,-,0.1,-,0.9,-,-,-,0.1,-,0.2,-,-,-,26.3,-,8.5,-,Ligue 1,2016/2017
324,Julien Cetout,Nancy,DMC,27(1),2336,1,2,3,-,0.6,76.6,0.7,2,6.63,1.5,1.8,0.6,0.2,1.7,1,0.4,-,0.8,0.3,0.8,-,0.4,0.9,34.5,0.4,2.5,-,Ligue 1,2016/2017
325,Anthony Henri Vanden Borre,Montpellier,D(R),9(1),795,-,-,2,-,-,79.5,1.5,-,6.62,3.2,1.4,1.6,0.2,1.7,2.3,0.1,1,0.6,0.5,0.5,-,0.8,1.1,35.1,0.4,0.9,-,Ligue 1,2016/2017
326,Sergi Darder,Lyon,M(CL),14(8),1322,1,2,3,-,1.2,82.7,0.2,-,6.62,0.7,0.6,0.6,-,0.1,1.1,-,-,1.1,0.7,0.8,0.1,0.5,1,34.8,-,1.7,0.5,Ligue 1,2016/2017
327,Gelson Fernandes,Rennes,DMC,21(6),1839,-,-,7,-,0.1,87.2,0.5,-,6.62,3.1,1.3,1.1,-,0.9,1.2,0.3,1,0.3,0.1,0.4,-,0.4,0.6,30.9,-,0.5,-,Ligue 1,2016/2017
328,Théo Guivarch,Guingamp,Goalkeeper,0(1),49,-,-,-,-,-,33.3,-,-,6.62,-,-,-,-,-,-,-,-,-,-,-,-,-,-,15,-,3,-,Ligue 1,2016/2017
329,Issiaga Sylla,Toulouse,M(L),21(6),1679,1,1,6,-,0.6,73.9,1.8,-,6.62,1.9,1.2,1.3,0.1,1.6,0.7,0.1,-,0.7,0.6,0.6,0.1,1.4,1.6,23,0.5,0.4,-,Ligue 1,2016/2017
330,Romain Genevois,Caen,D(CR),10(3),860,-,-,1,-,0.2,75.7,1.8,-,6.62,2.3,1.8,1.4,0.1,2.3,1.2,0.2,-,0.4,0.2,0.5,-,0.2,0.7,22.2,0.3,1.4,-,Ligue 1,2016/2017
331,Pierre Bengtsson,SC Bastia,M(L),28(1),2536,1,1,-,-,0.4,71.5,0.7,-,6.61,1.3,1.3,0.4,0.4,2.8,0.6,0.1,1,0.9,0.2,0.5,0.1,0.7,0.6,33,1,1.8,-,Ligue 1,2016/2017
332,Jonathan Bamba,Angers,FW,9(7),834,3,2,-,-,1.3,76.7,0.5,-,6.61,0.9,0.4,0.5,-,0.2,0.8,-,-,0.9,0.8,1.3,-,2.5,2.1,21.4,0.1,0.5,0.1,Ligue 1,2016/2017
333,Franck Signorino,Metz,M(L),17,1479,-,-,3,-,0.1,72.2,1.2,-,6.61,2.1,2.3,0.8,0.1,3.8,1.1,0.5,-,0.2,0.3,0.7,-,0.7,0.6,24.1,0.1,1,-,Ligue 1,2016/2017
334,Rémi Walter,Nice,M(CR),15(7),1407,-,1,-,-,0.3,90.2,0.5,-,6.61,1.4,0.7,0.5,-,0.2,0.5,0.1,-,0.5,1,0.7,0.1,1.3,1.4,43.9,0.1,1.3,-,Ligue 1,2016/2017
335,Alphonse Aréola,PSG,GK,14(1),1296,-,-,-,-,-,84.6,0.3,1,6.61,0.1,-,-,-,0.8,-,-,-,-,0.2,0.1,-,-,0.1,23.4,-,4.3,-,Ligue 1,2016/2017
336,Laurent Pionnier,Montpellier,GK,25,2250,-,-,-,-,-,64,0.2,-,6.61,-,0.2,-,-,0.9,-,-,1,-,-,0.1,-,-,0.1,27.2,-,9.7,-,Ligue 1,2016/2017
337,Vincent Koziello,Nice,M(C),19(8),1670,1,1,4,-,0.2,92.3,0.2,1,6.60,1.4,0.9,0.9,-,0.5,0.7,0.2,-,0.4,0.9,1.1,-,1.4,1,41.1,-,0.6,-,Ligue 1,2016/2017
338,Diallo Guidileye,Nancy,DMC,18(6),1721,-,2,5,-,0.5,80.2,1.4,-,6.60,2.5,1.2,1.9,-,1.2,1.4,0.1,-,0.4,0.6,1.5,0.1,1.4,1.2,33.3,0.1,1.6,0.1,Ligue 1,2016/2017
339,Ivan Cavaleiro,Monaco,FW,1(1),98,-,-,-,-,1,76.9,0.5,-,6.60,1,0.5,0.5,-,-,0.5,0.5,-,1.5,0.5,0.5,-,1,1.5,13,-,0.5,-,Ligue 1,2016/2017
340,Yann Karamoh,Caen,FW,25(10),2204,5,4,2,-,1.7,76.8,0.3,-,6.60,1.2,0.4,0.6,-,0.2,1,0.1,-,0.7,1.5,0.8,0.2,1.7,2.2,15.1,0.7,0.3,-,Ligue 1,2016/2017
341,Nicolas Benezet,Guingamp,AM(CLR),3(2),170,1,1,-,-,0.6,61.7,0.2,-,6.60,1.2,0.6,0.6,-,0.8,0.4,-,-,0.6,0.4,0.6,0.2,1.2,1.2,9.4,0.6,0.4,-,Ligue 1,2016/2017
342,Florian Marange,SC Bastia,D(CL),16(3),1452,-,-,3,1,0.4,76.8,1,-,6.60,1.3,2.1,1.1,0.7,4.4,0.5,0.4,-,0.2,-,0.2,-,0.2,0.1,34.2,0.2,3.4,0.1,Ligue 1,2016/2017
343,Jordan Marié,Dijon,M(C),17(7),1436,1,1,3,1,0.6,82.4,0.6,-,6.58,2,1.9,0.6,-,0.8,1.4,0.2,-,0.5,0.5,0.5,-,0.8,1,28.2,-,1.4,-,Ligue 1,2016/2017
344,Chris Philipps,Metz,DMC,9(2),813,-,-,4,-,0.3,81.8,0.4,-,6.58,2.6,2,1.9,0.1,0.6,1.6,0.5,-,0.3,0.2,0.5,-,0.6,1.1,29.9,-,1.7,-,Ligue 1,2016/2017
345,Somália,Toulouse,M(CR),18(10),1783,-,1,2,1,0.4,75.7,1.3,-,6.58,1.9,1.1,1.2,0.1,1,1.5,0.3,-,0.4,1.3,1,-,1.1,1.5,22.6,0.1,0.8,-,Ligue 1,2016/2017
346,Adam Ounas,Bordeaux,FW,11(15),1220,3,2,5,1,0.9,70.8,0.5,1,6.58,0.8,0.7,0.5,-,0.1,0.8,-,-,0.8,1.2,1.2,0.1,1.4,1.2,17.5,0.5,0.7,-,Ligue 1,2016/2017
347,Mathieu Michel,Angers,GK,23,2070,-,-,1,-,-,62.5,0.2,-,6.58,-,-,-,-,0.4,0.2,-,-,-,-,-,-,-,-,23.9,-,9.4,-,Ligue 1,2016/2017
348,Olivier Kemen,Lyon,M(C),0(2),58,-,-,-,-,0.5,75.9,1,-,6.58,1,0.5,-,-,1.5,0.5,-,-,0.5,1.5,-,-,-,0.5,14.5,1,-,-,Ligue 1,2016/2017
349,Ismaël Traoré,Angers,D(CR),32,2812,1,1,3,-,0.4,82.8,1.5,-,6.57,1.4,1.8,0.7,0.9,4.2,0.7,0.5,1,0.2,0.1,0.1,-,0.1,0.4,36.1,-,2,-,Ligue 1,2016/2017
350,Loïc Puyo,Nancy,AM(L),15(7),1430,2,-,3,-,1,73.4,0.9,1,6.57,1.2,1.2,0.8,-,1.1,1.3,0.1,-,0.8,0.4,0.9,0.2,1,1.6,26.1,0.7,2,-,Ligue 1,2016/2017
351,Yacouba Sylla,Montpellier,DMC,13(6),1076,1,-,4,-,0.3,83.2,1.5,-,6.57,1.9,1.2,1.3,0.1,1.3,0.7,0.1,-,0.2,0.3,0.5,-,0.7,0.5,31.9,0.1,2.1,-,Ligue 1,2016/2017
352,Sadio Diallo,SC Bastia,FW,20(8),1421,3,3,3,-,1.6,77.8,1.8,1,6.57,0.7,0.6,0.7,-,0.3,0.6,-,-,0.7,0.6,1.7,0.1,1.8,1.5,24.3,0.1,1.6,0.1,Ligue 1,2016/2017
353,Gaël Danic,SC Bastia,AM(CLR),19(10),1836,4,3,7,1,1.3,66.6,0.4,2,6.56,1.3,0.7,0.9,-,0.1,1.8,-,-,0.9,1.1,0.8,0.1,1.5,1,25.2,0.9,1.6,-,Ligue 1,2016/2017
354,Clément Chantôme,Rennes,M(C),6(1),340,-,-,1,-,-,87.6,1.4,1,6.56,1.6,0.9,0.4,0.1,1.6,0.4,0.3,-,-,-,0.7,-,0.1,0.3,21.9,-,0.9,-,Ligue 1,2016/2017
355,Michael Basser Chretien,Nancy,D(C),13,1127,-,-,1,-,-,80.1,0.9,-,6.56,1.9,1.8,0.4,0.8,4.7,1.2,0.4,-,0.2,0.2,0.7,-,0.3,0.2,32.2,-,2.9,0.1,Ligue 1,2016/2017
356,Jérémy Clément,Saint-Etienne,M(C),3(2),333,-,-,-,-,0.2,90.4,0.6,-,6.56,2,1.2,1.2,-,1.2,0.8,-,-,0.4,0.2,0.4,-,-,-,48,-,2.2,-,Ligue 1,2016/2017
357,Ismaël Diomandé,Caen,DMC,7(5),791,-,-,3,-,1,79.2,0.9,-,6.56,1.6,1.9,0.9,-,1,0.4,0.1,-,0.2,0.2,0.4,-,0.4,0.4,30.9,0.3,1.9,-,Ligue 1,2016/2017
358,Arnold Bouka Moutou,Dijon,M(L),8(2),753,-,-,2,1,0.1,68.4,1.3,-,6.55,2.2,2.1,0.9,0.1,3,0.8,-,-,0.5,0.7,1.3,-,0.9,1,26.3,0.2,1.3,-,Ligue 1,2016/2017
359,Mehdi Mostefa,SC Bastia,M(C),25(5),2259,-,1,8,-,0.5,76.3,1.4,-,6.54,1.5,1.3,1.4,0.2,1.8,1.2,0.2,-,0.4,0.2,0.6,-,0.3,0.3,34.7,-,3.9,-,Ligue 1,2016/2017
360,Florent Balmont,Dijon,DMC,20(3),1721,-,2,7,-,0.5,85.6,0.2,-,6.54,2.2,0.7,1,-,0.2,1.6,0.1,-,0.9,0.5,1.6,-,1.3,0.9,49.3,0.3,2.7,-,Ligue 1,2016/2017
361,Adama Diakhaby,Rennes,FW,3(22),711,4,-,2,-,1,69.3,1,-,6.54,0.9,0.4,0.2,-,0.3,0.4,-,-,0.3,1.3,0.6,0.1,1,1.3,9.5,0.2,0.2,-,Ligue 1,2016/2017
362,Milan Bisevac,Metz,D(C),21,1835,-,-,4,1,0.2,80.1,1.6,-,6.54,1.2,1.9,0.8,0.2,5.6,0.4,0.6,-,-,0.2,0.4,-,0.1,0.1,29,-,3.7,-,Ligue 1,2016/2017
363,Karim Rekik,Marseille,D(CL),8(2),762,-,-,-,-,0.2,89,0.9,-,6.54,1.3,1.6,1.1,0.1,1.1,0.4,0.8,-,0.4,0.9,0.5,-,1.4,0.6,41,0.4,1.7,-,Ligue 1,2016/2017
364,Cheick Doukouré,Metz,DMC,27(2),2261,-,1,6,2,1.2,84.8,0.6,-,6.54,3,2.2,1.4,-,0.8,1.2,0.3,-,0.3,0.6,0.4,-,1.2,1.5,30.4,0.1,1.6,-,Ligue 1,2016/2017
365,Pierrick Capelle,Angers,M(CLR),20(12),1752,2,1,4,-,1,79.1,0.7,-,6.54,1.7,1,0.7,-,0.5,1.1,0.1,-,0.7,0.5,0.5,0.1,1.2,1.3,23.3,0.2,0.9,0.1,Ligue 1,2016/2017
366,Enock Kwateng,Nantes,M(R),4(3),428,-,-,2,-,0.1,76,0.4,-,6.54,2,3.1,1,0.3,2.6,0.6,-,-,-,-,0.6,0.1,0.6,0.7,29.1,-,0.6,-,Ligue 1,2016/2017
367,Clinton N'Jie,Marseille,FW,11(11),1024,4,1,1,-,1.2,78.5,0.4,-,6.54,0.6,0.1,1,-,-,0.4,-,-,0.7,0.8,0.3,0.7,1.1,1,12.5,0.1,0.1,-,Ligue 1,2016/2017
368,Hatem Ben Arfa,PSG,FW,5(18),627,-,1,1,-,0.7,83.5,0.1,-,6.53,0.3,-,0.6,-,-,0.3,-,-,0.8,1.9,0.7,0.1,1,0.8,17.7,0.3,0.7,0.2,Ligue 1,2016/2017
369,Steven Moreira,Lorient,M(R),28,2515,-,3,6,-,0.3,79.8,0.5,-,6.53,1.5,1.4,0.8,0.4,1.4,0.5,0.1,-,0.7,0.5,0.4,0.1,0.4,0.6,41.6,0.6,1.8,-,Ligue 1,2016/2017
370,Yves Bissouma,Lille,M(C),5(18),753,1,-,4,1,0.8,78.6,0.7,-,6.53,1.7,0.5,0.9,-,0.3,0.4,-,-,0.5,1.3,0.7,-,1.3,0.9,17.7,0.1,0.8,-,Ligue 1,2016/2017
371,Nolan Roux,Saint-Etienne,FW,12(9),1223,4,1,2,-,1.6,69.3,1.2,-,6.53,0.4,0.1,0.6,-,0.8,0.6,0.1,-,0.5,0.4,1.4,0.4,0.6,0.8,12.9,-,0.4,-,Ligue 1,2016/2017
372,Nicolas Pépé,Angers,FW,11(22),1309,3,1,2,-,1.4,76.9,0.7,-,6.53,1.1,0.5,0.7,-,0.2,0.5,-,-,0.6,1.1,0.8,0.2,1.6,1.7,13.3,0.2,0.1,-,Ligue 1,2016/2017
373,Ricardo Kishna,Lille,AM(LR),5(6),503,-,-,-,-,0.5,72,0.1,-,6.52,0.6,0.3,0.7,-,0.2,0.7,0.1,-,1,1.3,0.4,0.1,0.9,1.5,14.9,0.5,0.4,-,Ligue 1,2016/2017
374,Zargo Touré,Lorient,D(C),21(2),1886,1,-,5,1,0.7,84.9,1.3,-,6.52,1,1.3,0.6,1,4.2,0.3,0.3,1,0.3,0.7,0.5,-,0.2,0.2,41.1,-,3.3,-,Ligue 1,2016/2017
375,Herve Bazile,Caen,AM(LR),7(12),727,2,3,1,-,1.4,75.6,0.5,-,6.52,0.7,0.5,0.5,-,0.1,0.5,-,-,0.9,0.8,0.4,0.3,1,1,10.2,0.9,0.2,-,Ligue 1,2016/2017
376,Vincent Marchetti,Nancy,M(C),10(7),975,-,1,3,-,0.9,77.3,0.3,-,6.52,2.1,1.3,1.5,0.1,0.6,1.5,0.1,-,0.5,0.4,0.8,0.1,0.7,1.1,22.8,0.2,0.9,0.1,Ligue 1,2016/2017
377,Jimmy Durmaz,Toulouse,M(CLR),17(10),1525,2,1,5,-,1.1,74.6,0.3,-,6.51,0.6,0.6,0.9,-,0.3,0.4,-,-,0.7,1.3,1,-,1,1,24.2,0.4,1,0.1,Ligue 1,2016/2017
378,Junior Dalé,Nancy,FW,16(9),1460,3,4,1,-,1.3,66.6,3.4,-,6.51,0.4,0.2,0.9,-,0.5,0.6,0.2,-,0.7,0.4,0.9,1,1.6,2.6,16.2,-,0.1,-,Ligue 1,2016/2017
379,Matthieu Udol,Metz,M(L),3,270,-,-,-,-,-,86.6,0.7,-,6.51,1,2.3,0.7,-,4.3,1.3,-,-,0.3,0.7,1.7,-,1.3,1.3,32.3,0.7,2,-,Ligue 1,2016/2017
380,Isaac Kiese Thelin,Bordeaux,FW,2(5),236,2,2,1,-,0.9,62.3,1.3,-,6.51,0.3,0.1,0.9,-,-,0.4,-,-,0.4,-,-,0.7,0.6,0.4,7.6,-,-,-,Ligue 1,2016/2017
381,Jean-Daniel Akpa Akpro,Toulouse,M(CLR),0(2),71,-,-,1,-,-,66.7,2,-,6.51,2.5,-,2,-,0.5,0.5,-,-,-,1,1.5,-,1,2.5,16.5,-,-,-,Ligue 1,2016/2017
382,Sloan Privat,Guingamp,FW,12(8),887,3,1,1,-,1.4,62.2,2.8,-,6.50,0.3,0.2,0.9,-,0.4,0.1,-,-,0.3,0.1,0.6,0.7,0.7,1.5,6.8,-,0.1,-,Ligue 1,2016/2017
383,Yacine Bammou,Nantes,FW,18(14),1775,4,1,7,-,1.5,71.6,1.7,1,6.50,1.1,0.4,1,-,0.5,0.5,0.1,-,0.7,0.3,0.4,0.5,1.2,1.6,22.4,0.5,0.3,-,Ligue 1,2016/2017
384,Adrien Thomasson,Nantes,M(CLR),21(8),1927,2,2,5,1,1.2,81,0.6,1,6.50,1.8,0.9,1.5,-,0.2,1.3,-,-,0.7,0.6,1,0.1,1.1,1.3,32.9,0.3,1.4,-,Ligue 1,2016/2017
385,Abdelhamid El Kaoutari,SC Bastia,D(CL),15(2),1262,-,-,-,1,0.1,80.2,1.1,-,6.50,1.5,1.2,0.7,1.1,5.8,0.3,0.8,-,-,0.4,0.8,-,0.2,0.1,25.6,-,1.6,-,Ligue 1,2016/2017
386,Ola Toivonen,Toulouse,FW,19(16),1804,7,2,9,-,0.5,74,1.8,2,6.50,0.5,0.2,1.3,-,0.8,0.8,-,-,0.6,0.1,0.9,0.3,0.6,0.7,18.3,-,0.7,-,Ligue 1,2016/2017
387,Isaac Mbenza,Montpellier,FW,12(4),951,3,1,-,-,1.3,77.7,0.3,-,6.49,0.3,0.3,0.4,-,0.3,0.3,-,-,0.7,1.1,0.8,0.4,0.8,1.4,13.4,0.3,0.3,0.1,Ligue 1,2016/2017
388,Mickaël Le Bihan,Nice,FW,2(8),300,3,-,-,-,1,75.6,0.4,1,6.49,0.3,-,0.2,-,0.7,0.2,-,-,0.4,0.3,0.5,0.3,0.6,1,8.6,-,0.1,-,Ligue 1,2016/2017
389,Henri Bedimo,Marseille,D(L),13(3),1173,-,-,2,-,0.1,83.1,0.4,-,6.49,0.9,1.2,0.5,0.1,2,0.3,-,-,0.3,0.5,1.4,0.1,0.8,0.8,35.5,0.2,1.1,-,Ligue 1,2016/2017
390,Jérôme Prior,Bordeaux,GK,14,1260,-,-,-,-,-,65.3,0.4,1,6.48,-,-,-,-,0.8,0.1,-,1,0.1,-,0.1,-,-,-,24.5,-,7.4,-,Ligue 1,2016/2017
391,Oswaldo Vizcarrondo,Nantes,D(C),14(6),1406,-,-,10,-,0.3,80,1.8,-,6.48,1.3,0.9,1.2,0.4,5.1,0.9,0.5,-,0.2,-,0.4,-,-,0.2,25.6,-,1.6,-,Ligue 1,2016/2017
392,Mateo Pavlovic,Angers,D(C),9(3),852,1,-,2,1,0.4,75.9,2.7,1,6.48,0.7,0.8,1.3,0.5,2.8,0.3,0.8,-,0.5,0.1,0.3,0.1,0.1,0.4,27.3,0.1,1.1,-,Ligue 1,2016/2017
393,Anastasios Donis,Nice,FW,3(15),444,5,1,1,-,1.1,90.6,0.1,-,6.48,0.4,0.3,0.6,-,0.4,0.4,-,-,0.3,0.7,0.2,0.3,0.4,1.1,6.5,-,0.1,-,Ligue 1,2016/2017
394,Fallou Diagne,Metz,DMC,12,1003,-,-,3,1,0.8,75.6,2.3,-,6.48,1,1.8,1.6,-,2.5,0.8,0.6,-,0.4,0.5,0.4,0.1,0.6,0.9,37.6,0.2,3.7,0.1,Ligue 1,2016/2017
395,Gilles Cioni,SC Bastia,M(R),22(2),1974,-,-,7,-,0.2,67.3,0.8,-,6.47,2,1.5,0.9,0.1,2.5,0.8,0.1,1,0.4,0.1,0.8,-,0.4,0.2,27.3,0.4,2,-,Ligue 1,2016/2017
396,François Bellugou,Lorient,DMC,16(10),1425,-,-,5,1,0.1,87.3,0.9,-,6.47,1.3,0.9,1.5,0.3,1.6,1,0.2,-,0.2,0.4,0.3,0.1,0.2,0.3,36.5,-,2.7,-,Ligue 1,2016/2017
397,Frédéric Guilbert,Bordeaux,M(R),2(1),222,-,-,-,-,-,71.6,1.7,-,6.47,1,1.7,0.7,0.3,8,0.3,0.3,-,-,-,0.3,-,-,-,24.7,-,2.7,-,Ligue 1,2016/2017
398,Kwon Chang-Hoon,Dijon,AM(CR),2(6),220,-,-,1,-,1,74.6,0.8,-,6.47,0.6,0.5,0.3,-,0.3,0.1,-,-,0.6,0.9,0.9,0.4,0.9,0.9,8.4,0.6,0.5,0.3,Ligue 1,2016/2017
399,Pierre-Yves Polomat,Saint-Etienne,M(L),6(5),642,-,1,2,-,0.3,77,0.8,-,6.47,1.3,0.5,0.5,-,1.8,1,-,-,0.5,0.7,0.7,-,0.6,1.1,26.9,0.6,1.6,0.1,Ligue 1,2016/2017
400,Mounir Obbadi,Lille,M(C),5,341,-,-,2,-,0.8,83.9,0.4,-,6.47,1.4,0.8,1.6,-,0.6,1,0.4,-,0.8,0.4,0.6,-,1.6,0.8,50.8,0.2,3,-,Ligue 1,2016/2017
401,Patrick Burner,Nice,D(R),3(1),248,-,-,-,-,0.8,90.6,1,-,6.47,1,0.8,0.8,-,1,0.3,-,-,0.8,0.8,0.5,-,1.8,0.8,31.8,-,-,-,Ligue 1,2016/2017
402,Jorginho,Saint-Etienne,AM(R),3(2),258,1,1,-,1,0.4,79.8,0.4,1,6.46,0.6,0.8,1.4,-,-,0.8,-,-,0.4,1.4,0.4,-,2.2,1.6,16.8,0.6,0.2,-,Ligue 1,2016/2017
403,Benjamin Corgnet,Saint-Etienne,FW,3(7),393,1,-,1,-,1.2,55.2,1.6,-,6.46,0.9,0.2,1.3,-,0.6,1.4,-,-,0.3,1.1,1.2,-,1.3,1.1,16.3,-,0.5,-,Ligue 1,2016/2017
404,Romain Amalfitano,Dijon,M(CR),15(11),1419,-,-,2,-,0.7,79.5,0.3,-,6.46,1.6,1.5,0.7,-,0.9,1.2,0.2,-,0.2,0.6,0.7,-,1,1.2,21.6,0.2,1.3,-,Ligue 1,2016/2017
405,Dylan Bahamboula,Dijon,FW,5(7),521,1,-,1,-,1.2,79.7,0.7,-,6.46,0.6,0.3,0.8,-,0.2,0.5,0.1,-,0.3,1.4,0.3,0.2,1.1,1.4,14.8,0.2,0.1,-,Ligue 1,2016/2017
406,Mathieu Bodmer,Guingamp,M(C),8(2),672,-,-,2,-,0.3,83.2,1.5,-,6.45,0.7,1.1,0.5,-,2.7,0.2,0.6,-,0.1,0.3,0.4,0.2,0.3,0.1,35.8,0.1,4.1,-,Ligue 1,2016/2017
407,Romain Philippoteaux,Lorient,AM(LR),18(12),1564,2,1,3,-,0.8,75.5,-,-,6.45,0.8,0.9,0.7,-,0.1,0.7,-,-,0.5,1.2,0.6,0.2,1.4,0.7,17.6,0.4,0.5,0.1,Ligue 1,2016/2017
408,Thievy Bifouma,SC Bastia,FW,9(5),710,2,-,3,-,1.4,74,1.4,-,6.44,0.9,0.6,1.3,-,-,0.6,-,-,0.7,0.2,1.1,0.4,2.3,2,12.9,-,0.1,-,Ligue 1,2016/2017
409,Mathieu Bodmer,Nice,M(C),7(5),588,-,1,2,-,0.2,89.3,1.8,-,6.43,0.3,1,1.3,-,1.6,0.5,0.1,-,0.3,0.1,0.4,-,0.3,0.1,49.1,-,3,-,Ligue 1,2016/2017
410,Bouna Sarr,Marseille,M(CLR),9(17),932,-,1,1,-,0.8,83.9,0.4,-,6.43,1,0.6,0.6,-,0.2,0.6,-,-,0.5,0.7,0.5,0.3,1,0.8,12.2,0.5,0.2,-,Ligue 1,2016/2017
411,Abdoulaye Keita,SC Bastia,D(R),14(7),1464,-,-,2,-,0.3,79.4,0.8,-,6.43,1.7,1.7,0.6,0.5,1.9,0.8,0.3,-,0.1,0.6,0.4,-,0.9,0.6,25.4,-,1.5,-,Ligue 1,2016/2017
412,James Léa Siliki,Rennes,M(CLR),0(1),12,-,-,-,-,-,50,1,-,6.43,-,1,-,-,-,-,-,-,-,-,2,-,-,-,6,1,-,-,Ligue 1,2016/2017
413,Mevlüt Erdinç,Metz,FW,15(9),1405,6,1,1,-,1.9,65.9,2.1,1,6.43,0.3,0.1,0.4,-,0.5,0.2,-,-,0.4,0.5,0.4,0.8,1.5,1.3,11,-,-,-,Ligue 1,2016/2017
414,Rémy Riou,Nantes,GK,22,1980,-,-,-,-,-,58.2,0.5,-,6.43,-,-,-,-,0.9,-,-,-,-,-,0.3,-,-,-,25.1,-,5.5,-,Ligue 1,2016/2017
415,Corentin Jean,Monaco,FW,1(1),100,-,-,1,-,0.5,84.6,-,-,6.43,0.5,-,1.5,-,-,0.5,-,-,0.5,-,1,-,3,-,13,0.5,-,-,Ligue 1,2016/2017
416,Joris Marveaux,Montpellier,M(CR),4(4),365,-,-,-,-,0.1,76.5,0.9,-,6.42,1.6,1,0.6,-,0.3,1.1,-,-,0.3,0.1,0.8,-,0.5,0.5,20.3,0.3,0.6,-,Ligue 1,2016/2017
417,Mattéo Guendouzi,Lorient,M(C),4(4),417,-,-,2,-,0.8,91.6,0.1,-,6.42,1.4,1.5,1.1,-,0.5,-,-,-,-,0.6,0.8,-,0.9,0.3,28.4,-,1.8,-,Ligue 1,2016/2017
418,Rémy Vercoutre,Caen,GK,34,3043,-,-,2,-,-,51.8,0.2,1,6.42,-,0.1,-,-,0.9,0.1,-,-,-,0.1,0.2,-,-,-,28.4,-,11.5,-,Ligue 1,2016/2017
419,Nicolas Basin,Metz,Defender,0(1),25,-,-,-,-,-,50,-,-,6.42,2,1,-,-,-,-,-,-,-,-,-,-,-,-,8,-,1,-,Ligue 1,2016/2017
420,Prince Oniangué,SC Bastia,M(C),13(1),1126,3,-,2,-,1.4,76.8,2.2,-,6.42,1.1,0.6,0.7,0.1,1.2,0.9,0.1,-,0.5,0.2,0.6,0.1,1.9,1.1,26.2,0.1,1.3,-,Ligue 1,2016/2017
421,Arnaud Lusamba,Nice,AM(C),3(3),253,-,-,-,-,0.3,86.4,0.3,-,6.41,1.2,0.8,0.7,-,0.2,0.5,0.2,-,-,0.5,1.3,-,1.7,0.8,22,-,0.3,-,Ligue 1,2016/2017
422,Christopher Nkunku,PSG,FW,5(3),399,1,-,2,-,0.9,85.5,0.5,-,6.41,0.5,0.6,1.3,-,0.8,0.6,-,-,0.4,0.4,1,0.1,1.9,1.6,31,0.1,1.3,0.1,Ligue 1,2016/2017
423,Wesley Saïd,Rennes,FW,9(16),1025,4,-,1,-,1.3,81,0.2,-,6.41,0.5,0.1,0.7,-,0.1,0.6,-,-,0.3,0.9,0.8,-,0.8,1.2,13.4,0.1,0.4,-,Ligue 1,2016/2017
424,Mathieu Gorgelin,Lyon,GK,1,90,-,-,-,-,-,78.9,1,-,6.41,-,-,-,-,3,-,-,-,-,-,-,-,-,-,19,-,4,-,Ligue 1,2016/2017
425,Mariusz Stepinski,Nantes,FW,16(5),1183,4,4,1,-,1.5,67.3,0.6,-,6.41,0.4,0.2,1.3,-,0.3,0.5,0.1,-,0.8,0.3,1,0.7,2,1.8,13.2,0.1,0.1,-,Ligue 1,2016/2017
426,Ben Karamoko,Saint-Etienne,Defender,1,61,-,-,1,-,-,84.6,1,-,6.40,1,3,2,-,4,1,-,-,-,-,1,-,-,-,39,-,1,-,Ligue 1,2016/2017
427,Jules Iloki,Nantes,AM(R),15(8),1220,1,4,2,-,0.8,74.8,0.2,-,6.40,1,0.6,0.9,-,0.1,0.5,-,-,0.7,0.3,0.3,0.2,0.6,1,18.1,0.4,0.2,-,Ligue 1,2016/2017
428,Thibault Giresse,Guingamp,AM(CL),4(9),430,1,-,-,-,0.8,85,0.2,-,6.40,0.6,0.2,0.2,-,0.4,0.3,0.1,-,0.8,0.2,0.5,-,0.6,0.4,16.9,0.9,1,-,Ligue 1,2016/2017
429,Robert Beric,Saint-Etienne,FW,18(4),1451,6,-,-,-,0.9,73.2,0.4,1,6.40,0.2,0.1,0.5,-,0.4,0.5,-,-,0.4,0.2,1.3,1.1,1.8,1.9,12.9,-,0.2,-,Ligue 1,2016/2017
430,Bryan Passi,Montpellier,Defender,1(2),144,-,-,1,-,1,87,1.7,-,6.39,-,1.7,0.7,-,1,1,-,-,0.3,1.3,1.3,-,0.3,1,30.7,-,2,-,Ligue 1,2016/2017
431,Ludovic Blas,Guingamp,FW,10(14),1150,1,1,5,-,1.3,73.3,0.3,-,6.39,0.8,0.6,0.9,0.1,0.4,0.6,-,-,0.3,0.9,0.5,-,1.1,0.7,13.3,0.1,0.5,-,Ligue 1,2016/2017
432,Jordan Leborgne,Caen,DMC,2(4),245,-,-,-,-,0.3,69.1,0.7,-,6.39,2.5,2,0.2,-,1.3,1.2,-,-,0.2,0.3,0.7,-,0.2,0.2,15.7,0.3,1.2,-,Ligue 1,2016/2017
433,Éric Bauthéac,Lille,AM(LR),9(4),729,-,-,4,-,1.3,81.7,0.2,-,6.39,0.8,0.5,1.2,-,0.2,0.6,-,-,0.9,0.8,1.5,0.2,1.2,1.6,19.8,0.8,0.5,-,Ligue 1,2016/2017
434,Nicolas Seube,Caen,M(C),13(7),1034,-,-,3,-,0.4,82.5,0.5,-,6.39,1.5,1,0.5,0.1,1.2,1.3,0.2,-,0.4,0.1,0.8,-,0.5,0.4,22.9,0.2,1.2,-,Ligue 1,2016/2017
435,Jean-Victor Makengo,Caen,AM(CL),9(8),875,-,-,2,-,0.5,89,0.4,-,6.38,0.8,0.9,0.6,-,0.2,0.4,0.1,-,0.2,1.1,0.9,-,1.5,1,23,0.1,0.8,-,Ligue 1,2016/2017
436,Martin Terrier,Lille,FW,1(10),248,1,-,-,-,1,87.4,0.5,-,6.38,0.5,0.2,0.7,-,0.2,0.4,0.1,-,0.8,0.5,0.5,-,0.5,0.9,8.6,0.4,0.3,-,Ligue 1,2016/2017
437,Maxime Barthelme,Lorient,M(LR),3(6),324,-,1,1,-,0.8,76.8,0.1,-,6.38,0.7,0.7,0.7,-,0.1,0.2,-,-,0.7,0.9,0.7,-,1.7,0.8,16.8,0.8,1.1,-,Ligue 1,2016/2017
438,Adrien Hunou,Rennes,FW,11(11),1134,1,-,2,-,1.2,77.6,0.4,-,6.38,1.1,0.4,0.4,-,0.2,0.6,-,-,0.5,0.5,0.9,0.2,0.8,1.3,22.9,-,0.5,-,Ligue 1,2016/2017
439,Alexander Søderlund,Saint-Etienne,FW,8(9),826,1,1,2,-,0.6,72.6,1.2,-,6.38,0.8,0.1,1.4,0.1,0.9,0.2,-,-,0.5,0.1,0.5,0.4,0.8,1.5,11.8,-,0.2,0.1,Ligue 1,2016/2017
440,Jordy Gaspar,Lyon,Defender,2,173,-,-,1,-,-,83.1,0.5,-,6.38,1.5,1,2.5,-,1.5,1,0.5,-,-,3,1,0.5,-,1,35.5,-,0.5,-,Ligue 1,2016/2017
441,Johan Gastien,Dijon,DMC,8(7),885,-,-,3,-,0.2,82.2,0.5,-,6.38,0.9,0.9,0.7,0.2,1.1,0.9,0.2,-,0.5,0.1,0.5,-,0.3,0.5,34.8,0.1,2.7,-,Ligue 1,2016/2017
442,Lenny Nangis,SC Bastia,AM(LR),12(18),1378,-,2,8,-,0.6,76.9,0.6,-,6.37,1.1,0.5,1.3,-,0.3,0.6,-,-,0.4,1,0.8,0.1,1.7,1.3,11,0.1,0.3,-,Ligue 1,2016/2017
443,Paul Charruau,SC Bastia,Goalkeeper,0(1),41,-,-,-,-,-,42.9,-,-,6.37,-,-,-,-,1,-,-,-,-,-,-,-,-,-,14,-,5,-,Ligue 1,2016/2017
444,Axel Ngando,SC Bastia,AM(C),9(10),814,-,2,1,-,0.5,84.8,0.2,-,6.37,0.8,0.3,0.6,-,0.1,0.8,-,-,1.3,1,0.9,0.2,0.9,1.3,20.7,0.5,0.7,-,Ligue 1,2016/2017
445,Cafú,Lorient,M(C),15(3),1187,-,2,3,-,0.9,89.2,0.4,-,6.36,0.7,1.1,0.9,-,0.6,0.6,0.2,-,0.9,0.3,1.4,0.1,0.8,0.9,33.5,0.1,1.4,-,Ligue 1,2016/2017
446,Alexis Busin,Nancy,Midfielder,2(4),238,1,-,-,-,1,73.8,0.2,-,6.36,0.2,0.2,0.5,-,-,0.7,-,-,0.7,0.5,0.2,-,0.2,1.7,7,0.5,0.2,-,Ligue 1,2016/2017
447,Alexandre Mendy,Guingamp,FW,5(17),802,3,-,2,-,1.5,69.7,1.3,-,6.36,0.1,-,0.4,-,0.3,0.2,-,-,0.6,0.4,0.4,0.6,0.5,0.9,8.1,-,0.2,-,Ligue 1,2016/2017
448,Arnaud Nordin,Saint-Etienne,FW,5(10),601,2,-,1,-,0.6,80.2,0.7,-,6.36,0.6,0.2,0.1,-,0.3,0.5,-,-,0.1,0.7,1.1,0.1,1.5,0.9,10.8,0.4,-,-,Ligue 1,2016/2017
449,Marvin Martin,Dijon,M(C),4(8),442,-,1,-,-,0.5,75.8,-,-,6.36,0.5,0.3,0.2,-,0.1,0.4,-,-,1.1,0.4,0.8,-,0.5,0.8,18.9,0.8,0.3,-,Ligue 1,2016/2017
450,Jordan Ferri,Lyon,M(C),10(17),950,1,2,4,-,0.4,86.5,0.1,-,6.36,0.5,0.2,0.9,-,0.3,0.6,-,-,0.7,0.6,0.6,0.1,1,0.9,23.6,0.1,0.7,0.1,Ligue 1,2016/2017
451,Walid Mesloub,Lorient,AM(C),11(10),1177,-,1,2,1,1,81.5,0.2,-,6.36,1,0.4,0.6,-,0.2,0.6,-,-,0.9,0.7,1.2,-,1,1,40.4,0.5,2.2,0.2,Ligue 1,2016/2017
452,Steed Malbranque,Caen,M(C),3(10),362,-,-,2,-,0.5,83.9,0.3,-,6.35,0.8,0.7,0.6,-,-,0.7,0.1,-,0.5,0.5,0.4,-,0.5,0.2,15.3,0.2,1.2,-,Ligue 1,2016/2017
453,Kévin Lejeune,Metz,M(LR),8(6),639,-,-,-,-,0.2,72.8,0.7,-,6.35,0.8,0.9,0.4,-,0.4,0.4,0.1,-,0.5,0.3,0.7,-,0.4,0.6,14.4,0.6,0.1,-,Ligue 1,2016/2017
454,Lindsay Rose,Lorient,D(C),3,270,-,-,-,-,0.3,83,1.7,-,6.34,1,2,1.3,0.7,6,0.7,1,-,0.3,-,-,-,-,0.3,35.3,-,2.7,-,Ligue 1,2016/2017
455,Geoffrey Jourdren,Montpellier,GK,13,1170,-,-,-,-,-,57.9,0.4,-,6.34,-,0.1,-,-,0.8,-,-,-,0.1,-,-,-,-,-,29.2,-,9.8,-,Ligue 1,2016/2017
456,Jérémy Ménez,Bordeaux,FW,17(9),1477,3,2,4,1,1,82.5,0.1,-,6.34,0.5,0.3,0.8,-,0.1,0.6,-,-,0.6,0.7,1.3,1,1.2,1.5,21.8,0.2,2.2,-,Ligue 1,2016/2017
457,Sérgio Oliveira,Nantes,DMC,0(6),110,-,-,1,-,0.3,81.1,0.2,-,6.34,0.7,-,0.7,-,0.2,0.3,-,-,0.3,0.7,-,-,0.3,0.7,12.3,0.7,0.3,-,Ligue 1,2016/2017
458,Youssouf Hadji,Nancy,FW,14(12),1295,-,1,1,-,1.3,62.9,3.1,-,6.34,0.5,0.2,0.5,-,0.2,0.2,-,-,0.5,0.4,0.8,0.8,0.8,2.1,13.7,0.1,0.2,-,Ligue 1,2016/2017
459,Zinedine Machach,Marseille,AM(C),4(6),416,-,-,3,1,0.6,80.3,0.4,-,6.33,2.2,0.8,1.5,-,0.2,1,-,-,0.4,1.1,0.3,-,1.7,1.6,18.3,-,0.4,-,Ligue 1,2016/2017
460,Tongo Doumbia,Toulouse,M(C),5(5),476,-,-,2,-,0.2,82,1.3,-,6.33,1.6,0.8,1.3,-,1,0.6,0.1,-,0.4,0.4,0.3,-,0.8,1.5,25.6,0.1,0.7,-,Ligue 1,2016/2017
461,Felipe Pardo,Nantes,AM(R),6(7),585,1,-,3,-,0.8,75.3,0.4,-,6.33,0.8,0.2,0.8,-,0.1,0.2,0.1,-,0.5,0.9,0.2,0.2,1.2,0.6,11.5,0.6,0.5,-,Ligue 1,2016/2017
462,Alhassan Wakaso,Lorient,DMC,8(5),684,-,-,2,-,1,86.2,0.4,-,6.33,1.9,1.2,0.9,-,0.8,1.5,-,-,0.2,0.4,0.7,-,0.8,0.5,30.7,0.1,1.8,-,Ligue 1,2016/2017
463,Mathieu Deplagne,Montpellier,D(CLR),14(5),1128,-,-,5,-,0.2,84.5,1.3,-,6.33,1.3,0.8,1.2,0.1,1.9,0.4,0.1,-,0.2,0.4,0.6,-,0.4,0.7,26.8,0.2,1.6,-,Ligue 1,2016/2017
464,Jessy Pi,Toulouse,DMC,3(13),421,-,1,1,-,0.4,70.4,0.2,-,6.33,1,0.4,0.6,-,0.1,0.6,0.1,-,0.4,0.3,0.3,0.1,0.3,0.4,13.5,0.1,1.1,-,Ligue 1,2016/2017
465,Aaron Leya Iseka,Marseille,FW,3(5),260,-,2,-,-,0.8,72.6,0.8,-,6.33,0.3,0.4,1.1,-,-,0.3,0.1,-,0.6,0.6,0.3,-,0.9,1,10.5,-,0.1,0.1,Ligue 1,2016/2017
466,Serge N'Guessan,Nancy,M(C),6(3),561,-,-,4,-,0.8,82.1,0.2,-,6.33,1.2,0.7,1.6,-,0.3,1.1,-,-,0.6,0.9,1.1,-,1.1,1.2,23,0.2,1.9,-,Ligue 1,2016/2017
467,Jesé,PSG,FW,1(8),263,1,-,-,-,0.9,81.1,0.2,-,6.32,0.1,0.6,0.3,-,0.1,0.4,-,-,0.4,0.1,0.2,0.2,0.9,0.7,10.6,0.3,0.2,-,Ligue 1,2016/2017
468,Jean-Kévin Augustin,PSG,FW,1(9),190,1,2,-,-,1.1,83.9,-,-,6.32,-,0.2,0.2,-,0.2,0.2,-,-,0.6,0.4,0.2,0.4,0.5,0.8,3.1,-,0.2,-,Ligue 1,2016/2017
469,Mouhamadou Dabo,Caen,D(LR),2,147,-,-,1,-,-,79.6,0.5,-,6.32,2.5,2,3,-,1,1,0.5,-,0.5,-,1.5,-,-,1,27,1,1,-,Ligue 1,2016/2017
470,Dodi Lukébakio,Toulouse,FW,0(5),87,-,-,-,-,0.6,80,0.6,-,6.31,0.2,0.4,0.6,-,0.2,0.4,-,-,0.4,1,0.6,-,0.2,1.4,6,-,0.2,-,Ligue 1,2016/2017
471,Vincent Marcel,Nice,Midfielder,3(3),231,-,-,-,-,0.2,92.9,-,-,6.31,1.2,0.2,0.7,-,0.5,0.5,-,-,0.2,1.3,0.5,0.3,1.2,1.5,14,-,0.2,-,Ligue 1,2016/2017
472,Habib Diallo,Metz,FW,7(12),824,1,1,-,-,1.1,69.4,2.6,-,6.31,0.4,0.1,0.7,-,0.4,0.2,0.1,-,0.4,0.2,0.5,0.4,1.2,1.5,9.8,0.1,0.2,-,Ligue 1,2016/2017
473,Lindsay Rose,SC Bastia,D(C),7(2),687,-,-,1,-,0.3,79.1,1.2,-,6.31,1.2,0.7,0.7,1.1,4.6,0.2,0.7,-,-,0.3,0.9,-,-,0.4,23.9,-,1.8,-,Ligue 1,2016/2017
474,Kévin Berigaud,Angers,FW,4(9),465,-,1,1,-,0.5,74.8,0.2,-,6.30,0.5,0.4,0.7,-,0.1,0.4,-,-,0.4,0.5,0.8,-,0.4,0.8,11.3,0.4,0.2,0.2,Ligue 1,2016/2017
475,Thibaut Vion,Metz,FW,6(7),531,2,1,2,-,0.9,57.9,0.9,-,6.30,0.1,0.2,0.7,-,0.4,0.2,-,-,0.2,0.3,0.7,0.2,0.6,1.8,8.2,0.2,-,-,Ligue 1,2016/2017
476,Aldo Kalulu,Lyon,FW,1(3),77,1,-,-,-,0.3,72,-,-,6.30,0.3,0.3,0.5,-,-,-,-,-,0.3,0.3,-,-,0.3,0.5,6.3,-,0.3,-,Ligue 1,2016/2017
477,Antony Robic,Nancy,AM(R),13(11),1161,-,-,3,-,1,75,0.5,-,6.30,1.2,0.8,0.9,-,0.3,0.4,0.1,-,0.6,0.8,1.1,0.4,1.2,1.6,13.3,0.3,0.1,-,Ligue 1,2016/2017
478,Kolbeinn Sigthorsson,Nantes,FW,2,157,-,-,-,-,1,53.3,4,-,6.30,1,-,1.5,-,1,-,-,-,0.5,0.5,0.5,2,2,3,22.5,-,-,-,Ligue 1,2016/2017
479,Bryan Dabo,Saint-Etienne,M(CR),8(6),643,-,1,3,-,0.6,81.2,1,-,6.30,0.7,0.6,0.9,0.1,0.9,0.5,0.2,-,0.1,0.6,1.3,0.1,1,0.7,25.1,-,0.6,-,Ligue 1,2016/2017
480,Fabien Lemoine,Saint-Etienne,M(C),9(7),779,-,-,-,1,0.5,85.2,0.6,-,6.30,1.3,0.8,0.7,-,0.3,1.5,-,-,0.4,0.4,0.4,-,0.3,0.8,36.3,0.1,2,-,Ligue 1,2016/2017
481,Nicolaj Thomsen,Nantes,AM(CLR),9(4),748,1,-,1,-,0.7,73.8,1.1,-,6.29,0.7,0.5,0.9,-,0.2,0.8,-,-,0.7,0.4,0.2,0.2,0.8,0.7,17.6,0.2,0.5,-,Ligue 1,2016/2017
482,Jeff Louis,Caen,AM(R),3(2),232,-,-,-,-,1.6,82.9,-,-,6.29,0.8,0.4,0.4,-,-,1.2,-,-,0.6,0.8,1,0.6,2,2,8.2,0.4,0.2,-,Ligue 1,2016/2017
483,Anwar El Ghazi,Lille,FW,7(5),692,1,-,2,-,1.5,75.9,1.8,-,6.29,0.8,0.5,1,-,0.1,0.4,-,-,0.4,0.5,0.4,0.7,1.6,2.9,16.6,0.1,0.2,-,Ligue 1,2016/2017
484,Souleymane Camara,Montpellier,FW,10(18),1078,1,1,-,-,0.9,79,0.8,-,6.29,0.6,0.2,0.6,-,0.3,0.4,-,-,0.5,0.5,0.7,0.1,0.7,1.1,12.6,0.2,0.3,-,Ligue 1,2016/2017
485,Nill De Pauw,Guingamp,FW,3(25),741,4,2,1,-,0.8,79.7,0.3,-,6.29,0.5,0.2,0.6,-,0.1,0.4,-,-,0.6,-,0.1,0.2,0.5,0.5,10.9,0.1,0.4,-,Ligue 1,2016/2017
486,Jamel Saihi,Montpellier,M(C),0(2),59,-,-,-,-,1,82.2,1,-,6.29,1,1,0.5,-,-,0.5,-,-,1,0.5,-,-,0.5,1,22.5,-,1.5,-,Ligue 1,2016/2017
487,Alexander Kacaniklic,Nantes,AM(CLR),7(10),697,-,2,2,-,0.6,73.2,0.4,-,6.28,0.6,0.4,0.5,-,0.1,0.5,-,-,0.5,0.4,0.4,0.3,0.5,1.2,10.8,0.1,0.1,0.1,Ligue 1,2016/2017
488,Gonçalo Guedes,PSG,FW,1(6),140,-,1,-,-,0.7,86.4,-,-,6.28,-,0.3,0.9,-,-,0.3,-,-,0.4,0.6,0.6,0.1,0.9,0.9,8.4,0.1,-,-,Ligue 1,2016/2017
489,Pedro Henrique,Rennes,FW,4(9),327,-,1,3,-,0.6,71.1,0.8,-,6.27,0.8,0.5,0.9,-,0.2,0.6,-,-,0.2,0.5,0.2,0.2,0.2,0.6,9.8,0.2,0.1,-,Ligue 1,2016/2017
490,Ryan Mendes,Lille,FW,2(5),234,-,-,-,-,0.3,79.7,1.1,-,6.27,0.7,0.1,0.4,-,-,0.3,-,-,0.1,1.3,1,0.1,1.6,1.3,10.6,0.1,0.3,-,Ligue 1,2016/2017
491,Florent Mollet,Metz,AM(CLR),9(16),885,-,1,4,-,1,87.7,0.2,-,6.26,0.8,0.7,0.8,-,0.2,0.5,-,-,0.7,0.4,1,0.1,0.9,0.9,16.2,0.4,0.9,-,Ligue 1,2016/2017
492,Jamel Saihi,Angers,M(C),3(2),235,-,-,-,-,-,80.4,0.2,-,6.26,1.4,0.6,1,-,0.6,1.6,0.4,-,0.4,0.6,0.6,-,0.2,0.2,21.4,-,0.6,-,Ligue 1,2016/2017
493,Pierre-Yves Hamel,Lorient,FW,0(3),33,1,-,-,-,0.7,88.9,0.3,-,6.25,-,-,0.7,-,-,-,-,-,-,-,0.3,-,-,0.3,3,-,-,-,Ligue 1,2016/2017
494,Abdoulaye Touré,Nantes,DMC,3(9),370,-,-,1,-,0.3,82.1,0.8,-,6.24,1,0.6,0.8,-,0.6,0.6,0.1,-,0.2,0.6,0.3,-,0.5,0.5,19.1,-,1.4,-,Ligue 1,2016/2017
495,Stoppila Sunzu,Lille,D(C),1(3),187,-,-,-,-,-,85.7,0.8,-,6.24,1.3,1.3,0.3,0.3,1.3,0.3,0.3,-,-,-,-,0.3,-,0.5,19.3,-,1.3,-,Ligue 1,2016/2017
496,Mauro Arambarri,Bordeaux,DMC,0(4),35,-,1,-,-,-,87.5,-,-,6.24,0.3,0.5,0.3,-,-,0.5,-,-,0.5,-,0.3,-,0.3,0.3,6,-,0.3,-,Ligue 1,2016/2017
497,Bassem Srarfi,Nice,M(LR),0(5),36,-,-,-,-,0.8,90.9,-,-,6.24,0.2,-,-,-,0.4,-,-,-,0.2,0.6,0.2,-,-,0.6,4.4,-,0.2,-,Ligue 1,2016/2017
498,Jérémie Bela,Dijon,M(LR),2(12),365,-,1,-,-,0.9,76.9,-,-,6.24,0.2,0.3,0.3,-,0.1,0.2,0.1,-,0.1,0.9,0.4,0.1,0.5,1.1,7.7,0.2,-,-,Ligue 1,2016/2017
499,Pavle Ninkov,Toulouse,M(R),0(9),188,-,-,2,-,0.2,70.8,0.1,-,6.23,0.8,0.4,0.6,-,0.9,0.8,0.1,-,0.2,0.4,0.1,-,0.3,0.4,7.2,0.3,0.4,-,Ligue 1,2016/2017
500,Alexandre Llovet,Montpellier,Midfielder,0(2),16,-,1,-,-,-,33.3,0.5,-,6.23,0.5,-,0.5,-,0.5,-,-,-,0.5,-,0.5,-,0.5,1,4.5,-,-,-,Ligue 1,2016/2017
501,Killian Sanson,Montpellier,Midfielder,0(1),14,-,-,-,-,1,87.5,1,-,6.23,-,-,-,-,-,-,-,-,-,1,-,-,-,-,24,-,-,-,Ligue 1,2016/2017
502,Abdou Traoré,Bordeaux,M(C),0(6),89,-,-,-,-,0.2,94.7,0.2,-,6.23,0.7,-,-,-,0.3,-,-,-,0.2,0.2,0.3,0.2,0.2,0.2,12.5,-,1,-,Ligue 1,2016/2017
503,Nicolas Saint-Ruf,SC Bastia,D(C),4(1),316,-,-,-,2,-,86.7,1.4,-,6.23,1.2,0.6,1.2,0.4,6.4,-,0.8,-,-,-,1,-,-,-,22.6,-,3.4,-,Ligue 1,2016/2017
504,Keagan Dolly,Montpellier,AM(CL),5(7),446,-,-,-,-,0.6,77.7,-,-,6.23,0.4,1,0.3,0.1,0.4,0.7,-,-,0.3,0.6,0.3,-,0.7,0.5,17.9,0.1,0.3,-,Ligue 1,2016/2017
505,Hamidou Keyta,Saint-Etienne,Forward,2(2),163,-,-,-,-,1.3,73.1,-,-,6.23,0.5,0.5,1.8,-,-,0.5,-,-,0.5,0.5,0.3,1.3,0.8,1.3,6.5,-,0.3,-,Ligue 1,2016/2017
506,Gauthier Hein,Metz,AM(R),6(7),517,1,-,1,-,0.5,83,0.4,-,6.22,0.6,0.7,0.2,-,0.1,0.5,-,-,0.5,0.4,0.2,0.1,0.8,1.3,14,0.2,0.5,0.1,Ligue 1,2016/2017
507,Mamadou N'Diaye,Montpellier,Defender,1(2),88,-,-,-,-,0.3,69,0.3,-,6.22,1.7,0.3,0.3,-,0.3,0.3,-,-,0.3,-,0.3,0.3,0.7,1,9.7,0.3,0.7,-,Ligue 1,2016/2017
508,Paul Delecroix,Lorient,GK,7,630,-,-,1,-,-,49.6,0.3,-,6.22,-,0.3,0.1,-,1.7,-,-,-,-,0.1,0.3,-,-,-,33.1,-,7,-,Ligue 1,2016/2017
509,Gilles Sunu,Angers,FW,8(15),808,-,-,1,-,1.2,82,0.4,-,6.22,0.3,0.3,0.2,-,0.2,0.3,-,-,0.2,0.7,0.8,0.2,0.7,1.1,11.1,0.2,0.1,0.1,Ligue 1,2016/2017
510,Anthony Koura,Nancy,Forward,8(7),764,1,-,1,-,0.9,77.3,0.1,-,6.20,0.7,0.2,0.9,-,0.1,0.5,-,-,0.1,0.5,0.6,0.9,0.9,1.9,8.5,0.1,0.1,-,Ligue 1,2016/2017
511,Morgan Amalfitano,Lille,M(CLR),8(9),730,-,-,-,-,0.5,82.2,0.1,-,6.18,0.5,0.5,0.6,0.1,0.1,-,-,-,0.8,0.2,0.5,-,1.3,0.9,21.2,0.5,0.8,-,Ligue 1,2016/2017
512,Irvin Cardona,Monaco,FW,0(3),16,-,-,-,-,1.3,75,-,-,6.18,-,-,0.7,-,-,-,-,-,-,-,-,-,-,0.3,1.3,-,-,-,Ligue 1,2016/2017
513,Kévin Berigaud,Montpellier,FW,6(7),620,-,1,-,-,0.6,72.1,0.7,-,6.18,0.4,0.4,1.2,-,0.1,0.2,-,-,0.6,0.2,0.6,-,1.2,1,14.1,0.2,0.1,-,Ligue 1,2016/2017
514,Jean-Philippe Mateta,Lyon,FW,1(1),86,-,-,-,-,-,75,1.5,-,6.18,-,-,-,0.5,0.5,-,-,-,-,0.5,0.5,1.5,1,1.5,12,-,0.5,-,Ligue 1,2016/2017
515,Odsonne Édouard,Toulouse,FW,4(12),563,1,-,-,-,0.7,65.2,0.6,-,6.17,0.4,0.1,0.1,-,-,0.5,-,-,0.3,0.6,0.5,0.1,1.8,1.4,8.3,-,-,-,Ligue 1,2016/2017
516,Clément Grenier,Lyon,M(CL),0(4),30,-,-,-,-,0.8,75,-,-,6.17,-,0.3,-,-,0.3,0.5,-,-,0.3,0.3,-,-,0.5,0.3,9,-,1.3,-,Ligue 1,2016/2017
517,Amine Bassi,Nancy,AM(C),1,90,-,-,-,-,1,80,-,-,6.17,2,1,1,-,-,1,-,-,1,1,-,-,-,1,35,-,2,-,Ligue 1,2016/2017
518,Saîf-Eddine Khaoui,Marseille,AM(CR),1(8),144,-,-,-,-,0.4,66.1,-,-,6.17,0.3,0.2,0.2,-,0.1,0.2,-,-,0.4,0.4,0.1,-,0.8,0.2,6.2,0.3,0.1,-,Ligue 1,2016/2017
519,Hamza Mendyl,Lille,M(L),0(1),11,-,-,-,-,-,100,-,-,6.16,-,1,-,-,-,-,-,-,-,-,1,-,-,-,1,-,-,-,Ligue 1,2016/2017
520,Issam Ben Khemis,Lorient,Midfielder,0(2),25,-,-,-,-,-,100,-,-,6.16,-,1.5,1,-,-,-,0.5,-,-,-,0.5,-,1,0.5,3.5,-,-,-,Ligue 1,2016/2017
521,Jérémie Aliadière,Lorient,FW,6(7),486,1,1,-,-,1.1,62.9,0.6,-,6.16,0.2,0.2,0.7,-,0.3,0.1,-,-,0.2,0.2,0.4,0.7,0.8,1.3,10.2,-,0.3,-,Ligue 1,2016/2017
522,Anthony Belmonte,Dijon,Midfielder,4(4),263,-,1,-,-,0.3,83,0.5,-,6.16,0.5,0.5,0.8,-,0.5,0.4,-,-,0.1,-,-,-,0.6,0.6,14,-,0.1,-,Ligue 1,2016/2017
523,Férébory Doré,Angers,AM(R),1(8),171,-,-,-,-,0.7,84.8,0.9,-,6.15,0.3,-,0.4,-,0.2,0.2,-,-,0.4,0.2,0.3,-,0.3,1.6,10.2,-,0.3,-,Ligue 1,2016/2017
524,Pape Sané,Caen,Forward,3(10),332,1,-,-,-,0.5,77.6,0.3,-,6.14,0.2,0.1,0.5,0.1,0.2,0.2,-,-,0.2,0.2,0.3,0.2,0.5,0.6,5.8,-,-,-,Ligue 1,2016/2017
525,Rio Mavuba,Lille,M(C),14(4),1115,-,-,4,1,0.2,85.7,0.2,-,6.14,1.3,0.7,0.9,-,0.2,1,0.2,-,0.3,0.4,1.1,-,1.2,0.6,38.6,0.1,2.6,-,Ligue 1,2016/2017
526,Jonathan Ikoné,PSG,FW,2(2),138,-,-,-,-,0.5,86.5,0.5,-,6.14,-,0.3,0.5,-,0.3,0.3,-,-,-,-,-,0.3,0.8,0.5,13,-,0.3,-,Ligue 1,2016/2017
527,Mathieu Cafaro,Toulouse,AM(CLR),0(4),64,-,-,1,-,-,50,0.3,-,6.13,1.5,-,0.8,-,0.8,1.3,0.3,-,-,-,0.8,-,0.8,0.5,3.5,-,-,-,Ligue 1,2016/2017
528,Fernando Aristeguieta,Nantes,FW,0(5),47,-,-,-,-,0.6,64,1.4,-,6.13,0.2,0.4,0.2,-,0.2,-,-,-,-,-,-,-,0.2,0.8,5,-,0.2,-,Ligue 1,2016/2017
529,David Oberhauser,Metz,Goalkeeper,1,90,-,-,-,-,-,48.1,-,-,6.12,-,-,-,-,-,-,-,-,-,-,-,-,-,-,27,-,7,-,Ligue 1,2016/2017
530,Romain Alessandrini,Marseille,FW,3(3),239,-,-,1,-,1,84,0.5,-,6.12,0.2,0.2,0.5,-,0.3,1.3,-,-,0.3,0.8,0.2,0.2,1.8,1,13.5,0.3,0.2,-,Ligue 1,2016/2017
531,Denis Petric,Angers,GK,9,810,-,-,1,-,-,63.7,-,-,6.11,-,-,0.1,-,0.4,-,-,-,-,-,-,-,-,-,21.1,-,9.8,-,Ligue 1,2016/2017
532,Florian Raspentino,SC Bastia,FW,3(6),278,-,-,-,-,0.3,58.1,1,-,6.11,0.8,0.4,0.7,0.1,0.2,0.1,-,-,0.3,-,0.1,0.1,0.2,0.7,6.9,0.1,-,-,Ligue 1,2016/2017
533,Mehdi Zeffane,Rennes,M(R),1,75,-,-,-,-,1,74.4,-,-,6.11,-,-,1,-,-,1,-,-,1,1,-,1,2,2,39,1,-,-,Ligue 1,2016/2017
534,Boris Mathis,Metz,Forward,0(2),20,-,-,-,-,0.5,80,0.5,-,6.11,1,-,0.5,-,-,-,-,-,0.5,-,0.5,-,-,-,2.5,0.5,-,-,Ligue 1,2016/2017
535,Wilfried Moimbé,Nantes,D(L),1(7),169,-,-,-,-,0.1,64.8,0.3,-,6.10,0.9,0.1,0.4,-,0.1,0.3,-,-,0.1,0.1,0.4,0.1,0.4,0.3,6.8,0.1,-,-,Ligue 1,2016/2017
536,Yohann Rivière,Dijon,Forward,1(13),142,1,1,2,-,0.5,63.3,0.9,-,6.10,0.1,-,1.1,-,-,0.1,-,-,0.3,-,0.4,0.4,0.1,0.2,4.3,0.1,-,-,Ligue 1,2016/2017
537,Youssef Maziz,Metz,FW,0(1),14,-,-,-,-,1,40,1,-,6.10,1,-,-,-,-,2,-,-,-,-,-,-,-,-,5,1,-,-,Ligue 1,2016/2017
538,Zaydou Youssouf,Bordeaux,M(CR),1(1),69,-,-,-,-,-,80,-,-,6.09,1,-,1,-,-,-,-,-,-,-,-,-,0.5,0.5,17.5,-,1,-,Ligue 1,2016/2017
539,Fares Bahlouli,Lille,Midfielder,1(2),98,-,-,-,-,1.3,75.8,0.3,-,6.09,0.3,0.3,1.3,-,-,-,-,-,0.3,0.7,1,-,4.3,2,11,0.3,1.3,-,Ligue 1,2016/2017
540,Cédric Mongongu,Montpellier,D(C),0(3),26,-,-,-,-,-,91.7,-,-,6.09,0.3,-,-,-,1.3,-,-,-,-,-,-,-,-,-,4,-,0.3,-,Ligue 1,2016/2017
541,Exauce Ngassaki,Caen,Forward,0(1),2,-,-,-,-,-,-,-,-,6.08,-,-,1,-,-,-,-,-,-,-,2,-,-,-,-,-,-,-,Ligue 1,2016/2017
542,Houssem Aouar,Lyon,M(CL),0(2),35,-,-,-,-,-,77.8,-,-,6.08,-,0.5,0.5,-,-,-,-,-,-,1,0.5,-,1.5,1,9,-,-,-,Ligue 1,2016/2017
543,Lorenzo Callegari,PSG,Midfielder,0(1),3,-,-,-,-,-,100,-,-,6.08,-,-,-,-,-,-,1,-,-,-,-,-,-,-,1,-,-,-,Ligue 1,2016/2017
544,Jerson Cabral,SC Bastia,AM(LR),0(6),62,-,-,-,-,0.2,73.9,0.3,-,6.08,0.3,-,0.7,-,-,0.2,-,-,0.2,0.2,0.3,-,0.5,0.5,3.8,0.2,0.2,-,Ligue 1,2016/2017
545,Farid Boulaya,SC Bastia,FW,1(1),17,-,-,-,-,-,87.5,-,-,6.08,-,-,-,-,-,0.5,-,-,0.5,-,0.5,-,-,-,4,-,0.5,-,Ligue 1,2016/2017
546,Aldo Kalulu,Rennes,FW,5(5),422,-,1,1,-,0.4,88.2,0.3,-,6.07,0.3,0.3,0.3,-,-,0.3,-,-,0.4,0.4,0.2,0.4,1.6,1.6,11.9,0.1,0.3,-,Ligue 1,2016/2017
547,Nicolas Janvier,Rennes,M(C),1(3),91,-,-,-,-,0.3,88.5,-,-,6.07,0.5,-,-,-,0.3,0.3,-,-,0.5,-,-,-,0.5,0.3,13,-,1.3,-,Ligue 1,2016/2017
548,Geoffrey Acheampong,SC Bastia,Forward,0(2),11,-,-,-,-,0.5,33.3,0.5,-,6.07,0.5,-,0.5,-,-,-,-,-,-,-,-,0.5,-,0.5,3,-,-,-,Ligue 1,2016/2017
549,Yoane Wissa,Angers,FW,0(2),25,-,-,-,-,-,16.7,0.5,-,6.07,0.5,-,1,-,-,0.5,-,-,-,-,-,-,-,1,3,-,-,-,Ligue 1,2016/2017
550,Jordan Tell,Caen,Forward,0(5),56,-,-,-,-,0.4,80.8,0.4,-,6.06,0.6,0.2,0.4,-,0.4,0.4,-,-,-,-,-,0.2,0.4,0.6,5.2,-,0.2,-,Ligue 1,2016/2017
551,Alexis Alegue Elandi,Nantes,Midfielder,0(2),16,-,-,-,-,-,84.6,0.5,-,6.06,-,-,-,-,-,1,-,-,0.5,-,1,-,1,-,6.5,-,-,-,Ligue 1,2016/2017
552,Ermir Lenjani,Rennes,M(L),0(2),24,-,-,-,-,0.5,60,-,-,6.06,-,0.5,-,-,0.5,-,-,-,-,-,-,-,0.5,1.5,5,-,-,-,Ligue 1,2016/2017
553,Christophe Mandanne,Nancy,FW,9(11),927,1,1,2,-,0.6,74.7,0.9,-,6.05,0.1,0.1,1.2,-,0.1,0.2,-,-,0.4,0.2,0.5,1,0.8,1.6,7.5,0.3,0.1,-,Ligue 1,2016/2017
554,Antoine Rabillard,Marseille,Forward,0(2),15,-,-,-,-,-,66.7,-,-,6.04,-,0.5,-,-,-,-,-,-,-,-,-,-,-,-,1.5,-,-,-,Ligue 1,2016/2017
555,Lamine Ghezali,Saint-Etienne,Midfielder,0(1),1,-,-,-,-,1,50,1,-,6.04,-,-,-,-,-,-,-,-,-,-,-,-,-,-,2,-,-,-,Ligue 1,2016/2017
556,Benjamin Jeannot,Lorient,FW,4(13),516,-,1,-,1,0.9,72.9,0.7,-,6.04,0.2,-,1.1,0.1,0.4,0.2,-,1,0.2,0.5,0.2,-,0.8,1.4,10.6,0.1,0.1,0.1,Ligue 1,2016/2017
557,Pantxi Sirieix,Toulouse,M(C),0(4),40,-,-,-,-,-,84.2,-,-,6.04,-,-,-,-,0.5,0.3,-,-,-,-,-,-,0.3,-,4.8,0.3,1,-,Ligue 1,2016/2017
558,Kermit Erasmus,Rennes,Forward,1(7),164,-,-,-,-,0.5,89.3,0.5,-,6.04,-,-,0.1,-,-,0.4,-,-,0.4,0.1,0.4,-,0.8,0.5,9.4,-,0.3,-,Ligue 1,2016/2017
559,Seydou Sy,Monaco,GK,1,46,-,-,-,-,-,46.7,-,-,6.03,-,-,-,-,-,-,-,-,-,-,-,-,-,-,15,-,2,-,Ligue 1,2016/2017
560,Kenny Rocha Santos,Saint-Etienne,AM(C),1(2),60,-,-,-,-,0.7,56.7,-,-,6.02,0.3,0.3,0.7,-,-,-,-,-,-,0.7,1.3,-,0.3,1,10,-,0.7,-,Ligue 1,2016/2017
561,Gabriel Magalhães,Lille,D(C),0(1),8,-,-,-,-,-,100,-,-,6.02,-,-,-,-,-,-,-,-,-,-,-,-,-,-,3,-,-,-,Ligue 1,2016/2017
562,Quentin Depehi,Toulouse,Forward,0(1),11,-,-,-,-,-,-,-,-,6.02,-,-,1,-,-,1,-,-,-,-,-,-,1,-,-,-,-,-,Ligue 1,2016/2017
563,Alexis Mane,Guingamp,Midfielder,0(4),37,-,-,-,-,-,57.1,-,-,6.02,0.3,-,0.5,-,0.3,0.8,-,-,-,-,-,-,-,0.3,1.8,-,-,-,Ligue 1,2016/2017
564,Dickson Nwakaeme,Angers,Forward,0(6),86,-,-,1,-,-,66.7,0.3,-,5.98,-,-,0.5,-,-,-,-,1,0.3,0.3,-,-,0.7,0.7,3,0.2,0.2,-,Ligue 1,2016/2017
565,Didier Ndong,Lorient,DMC,2,120,-,-,-,1,0.5,95.5,1.5,-,5.97,1,2,1.5,-,1,1.5,0.5,-,0.5,0.5,0.5,-,2,1,33.5,-,1,-,Ligue 1,2016/2017
566,Vincent Thill,Metz,AM(R),0(1),8,-,-,-,-,1,100,-,-,5.96,-,-,3,-,-,-,-,-,-,-,-,-,-,-,4,-,-,-,Ligue 1,2016/2017
567,Morgan Poaty,Montpellier,M(L),1(2),49,-,-,-,1,-,77.8,-,-,5.89,0.3,0.7,0.7,-,1,0.3,-,-,-,0.7,0.3,-,0.7,0.3,3,-,-,-,Ligue 1,2016/2017
568,Alexandre Letellier,Angers,GK,6,540,-,-,-,-,-,53.3,-,-,5.86,-,-,-,-,0.7,0.2,-,-,-,-,-,-,-,-,20,-,8,-,Ligue 1,2016/2017
569,Faïz Selemani,Lorient,FW,0(3),63,-,-,2,-,0.7,81,0.7,-,5.83,-,0.3,1,-,1,-,-,-,-,-,0.3,-,0.3,1,7,0.3,-,-,Ligue 1,2016/2017
570,Paul Reulet,Caen,Goalkeeper,2(1),197,-,-,-,-,-,56.9,-,-,5.68,-,-,-,-,0.3,0.3,-,-,-,-,0.3,-,-,-,17,-,5.7,-,Ligue 1,2016/2017
578,Moussa Seydi,Metz,Forward,0(1),20,-,-,-,-,-,77.8,-,-,5.34,-,-,1,-,-,-,-,-,-,-,-,-,-,1,9,-,1,-,Ligue 1,2016/2017
586,Morgan De Sanctis,Monaco,GK,1,90,-,-,-,-,-,66.7,1,-,5.26,-,-,-,-,3,-,-,-,-,-,-,-,-,-,21,-,1,-,Ligue 1,2016/2017
594,Alexis Thébaux,SC Bastia,GK,1,90,-,-,-,-,-,28.1,-,-,5.25,-,-,-,-,-,-,-,-,-,-,-,-,-,-,32,-,3,-,Ligue 1,2016/2017
